Informercado;Planilha;Colunas;Referencia Antiga;Mapeado
Dados Gerais;ACL_EOL;MES_REFERENCIA;019 Eólicas;NÃO
Dados Gerais;ACL_EOL;GERACAO_ACL_EOL;019 Eólicas;NÃO
Dados Gerais;ACL_EOL;CAPACIDADE_INSTALADA_TOTAL_ACL_EOL;019 Eólicas;NÃO
Dados Gerais;ACL_EOL;GARANTIA_FISICA_ACL_EOL;019 Eólicas;NÃO
Dados Gerais;AGENTE_QTD_CONTABILIZACAO;MES_REFERENCIA;Demais Dados;NÃO
Dados Gerais;AGENTE_QTD_CONTABILIZACAO;CLASSE;Demais Dados;NÃO
Dados Gerais;AGENTE_QTD_CONTABILIZACAO;QUANTIDADE_AGENTE_CONTABILIZACAO;Demais Dados;NÃO
Dados Gerais;ALIVIO_PENALIDADE_DISTRIB_MENSAL;MES_REFERENCIA;012 InfoDistribuidoras;NÃO
Dados Gerais;ALIVIO_PENALIDADE_DISTRIB_MENSAL;EXPOSICAO_FINANCEIRA_POSITIVA;012 InfoDistribuidoras;NÃO
Dados Gerais;ALIVIO_PENALIDADE_DISTRIB_MENSAL;EXPOSICAO_FINANCEIRA_NEGATIVA;012 InfoDistribuidoras;NÃO
Dados Gerais;ALIVIO_PENALIDADE_DISTRIB_MENSAL;TOTAL_PENALIDADE_EF_NEGATIVA;012 InfoDistribuidoras;NÃO
Dados Gerais;ALIVIO_PENALIDADE_DISTRIB_MENSAL;TOTAL_RECURSO_DISP_ALIVIO_EF_CCEAR;012 InfoDistribuidoras;NÃO
Dados Gerais;ALIVIO_PENALIDADE_DISTRIB_MENSAL;COBERTURA_EXPOSICAO_NEGATIVA_CCEAR;012 InfoDistribuidoras;NÃO
Dados Gerais;ALIVIO_PENALIDADE_DISTRIB_MENSAL;TOTAL_EXPOSICAO_NEGATIVA_REM_CCEAR;012 InfoDistribuidoras;NÃO
Dados Gerais;ALIVIO_PENALIDADE_DISTRIB_MENSAL;TOTAL_RECURSO_DISP_RATEIO_COMPR_CCEAR;012 InfoDistribuidoras;NÃO
Dados Gerais;BIOMASSA_ACL;MES_REFERENCIA;020 Biomassa;NÃO
Dados Gerais;BIOMASSA_ACL;GERACAO_BIOMASSA;020 Biomassa;NÃO
Dados Gerais;BIOMASSA_ACL;CAPACIDADE_INSTALADA_BIOMASSA;020 Biomassa;NÃO
Dados Gerais;BIOMASSA_ACL;GARANTIA_FISICA_BIOMASSA;020 Biomassa;NÃO
Dados Gerais;BIOMASSA_FONTE_GERACAO;MES_REFERENCIA;020 Biomassa;NÃO
Dados Gerais;BIOMASSA_FONTE_GERACAO;FONTE_SECUNDARIA;020 Biomassa;NÃO
Dados Gerais;BIOMASSA_FONTE_GERACAO;GERACAO_BIO;020 Biomassa;NÃO
Dados Gerais;BIOMASSA_GERACAO_ACR_ACL_MODALIDADE;MES_REFERENCIA;020 Biomassa;NÃO
Dados Gerais;BIOMASSA_GERACAO_ACR_ACL_MODALIDADE;MODALIDADE_ENERGIA;020 Biomassa;NÃO
Dados Gerais;BIOMASSA_GERACAO_ACR_ACL_MODALIDADE;GERACAO_TOTAL;020 Biomassa;NÃO
Dados Gerais;BIOMASSA_GERACAO_ACR_ACL_MODALIDADE;GERACAO_ACR;020 Biomassa;NÃO
Dados Gerais;BIOMASSA_GERACAO_ACR_ACL_MODALIDADE;GERACAO_ACL;020 Biomassa;NÃO
Dados Gerais;BIOMASSA_GF_DEFINIDA;MES_REFERENCIA;020 Biomassa;NÃO
Dados Gerais;BIOMASSA_GF_DEFINIDA;GERACAO_BIO;020 Biomassa;NÃO
Dados Gerais;BIOMASSA_GF_DEFINIDA;CAPACIDADE_INSTALADA_BIO;020 Biomassa;NÃO
Dados Gerais;BIOMASSA_GF_DEFINIDA;GARANTIA_FISICA_BIO;020 Biomassa;NÃO
Dados Gerais;BIOMASSA_GF_DEFINIDA;QUANTIDADE_UG_OP;020 Biomassa;NÃO
Dados Gerais;BIOMASSA_LEILAO;MES_REFERENCIA;020 Biomassa;NÃO
Dados Gerais;BIOMASSA_LEILAO;LEILAO;020 Biomassa;NÃO
Dados Gerais;BIOMASSA_LEILAO;GERACAO_BIOMASSA;020 Biomassa;NÃO
Dados Gerais;BIOMASSA_LEILAO;CAPACIDADE_INSTALADA_BIOMASSA;020 Biomassa;NÃO
Dados Gerais;BIOMASSA_LEILAO;GARANTIA_FISICA_BIOMASSA;020 Biomassa;NÃO
Dados Gerais;BIOMASSA_PROINFA;MES_REFERENCIA;020 Biomassa;NÃO
Dados Gerais;BIOMASSA_PROINFA;GERACAO_BIOMASSA;020 Biomassa;NÃO
Dados Gerais;BIOMASSA_PROINFA;CAPACIDADE_INSTALADA_BIOMASSA;020 Biomassa;NÃO
Dados Gerais;BIOMASSA_SUBMERCADO_UF;MES_REFERENCIA;020 Biomassa;NÃO
Dados Gerais;BIOMASSA_SUBMERCADO_UF;SUBMERCADO;020 Biomassa;NÃO
Dados Gerais;BIOMASSA_SUBMERCADO_UF;ESTADO;020 Biomassa;NÃO
Dados Gerais;BIOMASSA_SUBMERCADO_UF;GERACAO_BIOMASSA;020 Biomassa;NÃO
Dados Gerais;BIOMASSA_SUBMERCADO_UF;CAPACIDADE_INSTALADA_BIOMASSA;020 Biomassa;NÃO
Dados Gerais;BIOMASSA_SUBMERCADO_UF;MES_REFERENCIA;020 Biomassa;NÃO
Dados Gerais;BIOMASSA_SUBMERCADO_UF;SUBMERCADO;020 Biomassa;NÃO
Dados Gerais;BIOMASSA_SUBMERCADO_UF;ESTADO;020 Biomassa;NÃO
Dados Gerais;BIOMASSA_SUBMERCADO_UF;GERACAO_BIOMASSA;020 Biomassa;NÃO
Dados Gerais;BIOMASSA_SUBMERCADO_UF;CAPACIDADE_INSTALADA_BIOMASSA;020 Biomassa;NÃO
Contas Setoriais;CCC_CTG_BENEFICIARIO;COMPETENCIA;#N/D;NÃO
Contas Setoriais;CCC_CTG_BENEFICIARIO;BENEFICIARIO;#N/D;NÃO
Contas Setoriais;CCC_CTG_BENEFICIARIO;TIPO_BENEFICIARIO;#N/D;NÃO
Contas Setoriais;CCC_CTG_BENEFICIARIO;GERACAO;#N/D;NÃO
Contas Setoriais;CCC_CTG_BENEFICIARIO;CTCOMB;#N/D;NÃO
Contas Setoriais;CCC_CTG_BENEFICIARIO;CTGP;#N/D;NÃO
Contas Setoriais;CCC_CTG_BENEFICIARIO;CTCE;#N/D;NÃO
Contas Setoriais;CCC_CTG_BENEFICIARIO;CTG;#N/D;NÃO
Contas Setoriais;CCC_CTG_BENEFICIARIO;DESC_ACR;#N/D;NÃO
Contas Setoriais;CCC_CTG_BENEFICIARIO;DESC_FC;#N/D;NÃO
Contas Setoriais;CCC_CTG_BENEFICIARIO;REEMBOLSO;#N/D;NÃO
Contas Setoriais;CCC_CTG_BENEFICIARIO;REPROCESSAMENTO;#N/D;NÃO
Contas Setoriais;CCC_CTG_BENEFICIARIO;ULTIMO_REPROCESSAMENTO;#N/D;NÃO
Contas Setoriais;CCC_CTG_USINA;COMPETENCIA;#N/D;NÃO
Contas Setoriais;CCC_CTG_USINA;BENEFICIARIO;#N/D;NÃO
Contas Setoriais;CCC_CTG_USINA;CEG;#N/D;NÃO
Contas Setoriais;CCC_CTG_USINA;USINA;#N/D;NÃO
Contas Setoriais;CCC_CTG_USINA;TIPO_CUSTO;#N/D;NÃO
Contas Setoriais;CCC_CTG_USINA;TIPO_CONTRATO;#N/D;NÃO
Contas Setoriais;CCC_CTG_USINA;ORIGEM;#N/D;NÃO
Contas Setoriais;CCC_CTG_USINA;TIPO_COMBUSTIVEL;#N/D;NÃO
Contas Setoriais;CCC_CTG_USINA;MUNICIPIO;#N/D;NÃO
Contas Setoriais;CCC_CTG_USINA;UF;#N/D;NÃO
Contas Setoriais;CCC_CTG_USINA;SISTEMA;#N/D;NÃO
Contas Setoriais;CCC_CTG_USINA;POT_OUTORGADA;#N/D;NÃO
Contas Setoriais;CCC_CTG_USINA;CAPACIDADE_INSTALADA;#N/D;NÃO
Contas Setoriais;CCC_CTG_USINA;COMBUSTIVEL;#N/D;NÃO
Contas Setoriais;CCC_CTG_USINA;GERACAO;#N/D;NÃO
Contas Setoriais;CCC_CTG_USINA;CTCOMB;#N/D;NÃO
Contas Setoriais;CCC_CTG_USINA;CTGP;#N/D;NÃO
Contas Setoriais;CCC_CTG_USINA;CTCE;#N/D;NÃO
Contas Setoriais;CCC_CTG_USINA;CTG;#N/D;NÃO
Contas Setoriais;CCC_CTG_USINA_CCESI;COMPETENCIA;#N/D;NÃO
Contas Setoriais;CCC_CTG_USINA_CCESI;BENEFICIARIO;#N/D;NÃO
Contas Setoriais;CCC_CTG_USINA_CCESI;FORNECEDOR;#N/D;NÃO
Contas Setoriais;CCC_CTG_USINA_CCESI;CEG;#N/D;NÃO
Contas Setoriais;CCC_CTG_USINA_CCESI;USINA;#N/D;NÃO
Contas Setoriais;CCC_CTG_USINA_CCESI;GERACAO;#N/D;NÃO
Contas Setoriais;CCC_CTG_USINA_CCESI;RECEITA_VARIAVEL;#N/D;NÃO
Contas Setoriais;CCC_CTG_USINA_CCESI;RECEITA_FIXA;#N/D;NÃO
Contas Setoriais;CCC_CTG_USINA_CCESI;AJUSTE_PENALIDADE;#N/D;NÃO
Contas Setoriais;CCC_CTG_USINA_CCESI;RECEITA_VENDA;#N/D;NÃO
Contas Setoriais;CCC_CTG_USINA_CCESI;TRIBUTOS;#N/D;NÃO
Contas Setoriais;CCC_CTG_USINA_CCESI;CUSTO_LIQUIDO;#N/D;NÃO
Contas Setoriais;CCC_CTG_USINA_CCESI;CUSTO_TOTAL;#N/D;NÃO
Dados Gerais;CCEAR_BALANCO_ENERGETICO_MENSAL;MES_REFERENCIA;013 CCEAR Disponibilidade;NÃO
Dados Gerais;CCEAR_BALANCO_ENERGETICO_MENSAL;BALANCO_ENERGETICO_PRODUTO_P;013 CCEAR Disponibilidade;NÃO
Dados Gerais;CCEAR_BALANCO_ENERGETICO_MENSAL;BALANCO_ENERGETICO_PRODUTO_N;013 CCEAR Disponibilidade;NÃO
Dados Gerais;CCEAR_BALANCO_ENERGETICO_MENSAL;GERACAO_DESTINADA_ATEND_PRODUTO;013 CCEAR Disponibilidade;NÃO
Dados Gerais;CCEAR_BALANCO_ENERGETICO_MENSAL;ENERGIA_ATENDIMENTO_DESC_ATR_SUSP;013 CCEAR Disponibilidade;NÃO
Dados Gerais;CCEAR_BALANCO_ENERGETICO_MENSAL;OBRIGACAO_ENTREGA_CCEAR_D;013 CCEAR Disponibilidade;NÃO
Dados Gerais;CCEAR_BALANCO_ENERGETICO_MENSAL;MONTANTE_MODULADO_CONTRATO;013 CCEAR Disponibilidade;NÃO
Dados Gerais;CCEAR_RESULTADO_MENSAL;MES_REFERENCIA;013 CCEAR Disponibilidade;NÃO
Dados Gerais;CCEAR_RESULTADO_MENSAL;RESULTADO_FINAL_COMPRADOR_CCEAR;013 CCEAR Disponibilidade;NÃO
Dados Gerais;CCEAR_RESULTADO_MENSAL;EFEITO_MCP_PRODUTO;013 CCEAR Disponibilidade;NÃO
Dados Gerais;CCEAR_RESULTADO_MENSAL;ENCARGO_CONST_ON;013 CCEAR Disponibilidade;NÃO
Dados Gerais;CCEAR_RESULTADO_MENSAL;ENCARGO_CONST_OFF;013 CCEAR Disponibilidade;NÃO
Dados Gerais;CCEAR_RESULTADO_MENSAL;ENCARGO_SEG_ENER;013 CCEAR Disponibilidade;NÃO
Dados Gerais;CCEAR_RESULTADO_MENSAL;ENCARGO_DIF_CVU;013 CCEAR Disponibilidade;NÃO
Dados Gerais;CCEAR_RESULTADO_MENSAL;TOTAL_ENCARGO_PRODUTO;013 CCEAR Disponibilidade;NÃO
Dados Gerais;CCEN_BALANCO_ENERGETICO_MENSAL;MES_REFERENCIA;015 CCEN;NÃO
Dados Gerais;CCEN_BALANCO_ENERGETICO_MENSAL;GERACAO_FINAL_CCEN;015 CCEN;NÃO
Dados Gerais;CCEN_BALANCO_ENERGETICO_MENSAL;CONSUMO_GERACAO_CCEN;015 CCEN;NÃO
Dados Gerais;CCEN_BALANCO_ENERGETICO_MENSAL;MONTANTE_MODULADO_CONTRATO_CCEN;015 CCEN;NÃO
Dados Gerais;CCEN_BALANCO_ENERGETICO_MENSAL;BALANCO_ENERGETICO_CCEN;015 CCEN;NÃO
Dados Gerais;CCEN_CUSTO_CAFT;MES_REFERENCIA;015 CCEN;NÃO
Dados Gerais;CCEN_CUSTO_CAFT;CUSTO_ADM_FINAN_TRIBUT_CCEN;015 CCEN;NÃO
Dados Gerais;CCEN_RESULTADO_MENSAL;MES_REFERENCIA;015 CCEN;NÃO
Dados Gerais;CCEN_RESULTADO_MENSAL;RESULTADO_FINAL_COTISTA_CCEN;015 CCEN;NÃO
Dados Gerais;CCEN_RESULTADO_MENSAL;RESULTADO_FINAL_ANGRA_CCEN;015 CCEN;NÃO
Dados Gerais;CCEN_RESULTADO_MENSAL;EFEITO_CONTRATO_CCEN;015 CCEN;NÃO
Dados Gerais;CCEN_RESULTADO_MENSAL;RESULTADO_PRELIMINAR_AJ_EF_CCEN;015 CCEN;NÃO
Dados Gerais;CCEN_RESULTADO_MENSAL;RESULTADO_PRELIMINAR_COTISTA_MCP_CCEN;015 CCEN;NÃO
Dados Gerais;CCEN_RESULTADO_MENSAL;RESULTADO_FINAL_RATEIO_CCEN;015 CCEN;NÃO
Dados Gerais;CCEN_VALOR_LIQUIDAR;MES_REFERENCIA;015 CCEN;NÃO
Dados Gerais;CCEN_VALOR_LIQUIDAR;VALOR_RECEITA_FIXA_TOTAL_CCEN;015 CCEN;NÃO
Dados Gerais;CCEN_VALOR_LIQUIDAR;RECEITA_VENDA_MENSAL_CCEN;015 CCEN;NÃO
Dados Gerais;CCGF_BALANCO_ENERGETICO_MENSAL;MES_REFERENCIA;014 CCGF;NÃO
Dados Gerais;CCGF_BALANCO_ENERGETICO_MENSAL;GERACAO_TOTAL_DISP_CCGF;014 CCGF;NÃO
Dados Gerais;CCGF_BALANCO_ENERGETICO_MENSAL;CONSUMO_USINA_CCGF;014 CCGF;NÃO
Dados Gerais;CCGF_BALANCO_ENERGETICO_MENSAL;MONTANTE_MODULADO_CONTRATO_CCGF;014 CCGF;NÃO
Dados Gerais;CCGF_BALANCO_ENERGETICO_MENSAL;BALANCO_ENERGETICO_PRODUTO_P_CCGF;014 CCGF;NÃO
Dados Gerais;CCGF_BALANCO_ENERGETICO_MENSAL;BALANCO_ENERGETICO_PRODUTO_N_CCGF;014 CCGF;NÃO
Dados Gerais;CCGF_CONT_SAZONALIZADO;DATA_ATUALIZACAO;016 CCIT;NÃO
Dados Gerais;CCGF_CONT_SAZONALIZADO;MES_REFERENCIA;016 CCIT;NÃO
Dados Gerais;CCGF_CONT_SAZONALIZADO;QUANTIDADE_SAZONALIZADA_CCGF;016 CCIT;NÃO
Dados Gerais;CCGF_RESULTADO_MENSAL;MES_REFERENCIA;014 CCGF;NÃO
Dados Gerais;CCGF_RESULTADO_MENSAL;RESULTADO_FINAL_COTISTA_CCGF;014 CCGF;NÃO
Dados Gerais;CCGF_RESULTADO_MENSAL;RESULTADO_FINAL_USINA_CCGF;014 CCGF;NÃO
Dados Gerais;CCGF_RESULTADO_MENSAL;EFEITO_CONTRATACAO_CCGF;014 CCGF;NÃO
Dados Gerais;CCGF_RESULTADO_MENSAL;RESULTADO_PRELIMINAR_COTISTA_MRE;014 CCGF;NÃO
Dados Gerais;CCGF_RESULTADO_MENSAL;EFEITO_MCP_CCGF;014 CCGF;NÃO
Dados Gerais;CCGF_RESULTADO_MENSAL;RESULTADO_PRELIMINAR_COTISTA_AJ_EF;014 CCGF;NÃO
Dados Gerais;CCGF_RESULTADO_MENSAL;RESULTADO_PRELIMINAR_COTISTA_CS;014 CCGF;NÃO
Dados Gerais;CCGF_RESULTADO_MENSAL;PAGAMENTO_ENCARGO_SE_CCGF;014 CCGF;NÃO
Dados Gerais;CCGF_RESULTADO_MENSAL;RECEITA_FIXA_TOTAL_CCGF;014 CCGF;NÃO
Dados Gerais;CCGF_RESULTADO_MENSAL;CUSTO_ADM_FINAN_TRIBUT_CCGF;014 CCGF;NÃO
Dados Gerais;CCGF_RESULTADO_MENSAL;RECEITA_VENDA_MENSAL_CCGF;014 CCGF;NÃO
Dados Gerais;CONSUMO_CLASSE_AGENTE;MES_REFERENCIA;003 Consumo;NÃO
Dados Gerais;CONSUMO_CLASSE_AGENTE;CLASSE_AGENTE;003 Consumo;NÃO
Dados Gerais;CONSUMO_CLASSE_AGENTE;CONSUMO;003 Consumo;NÃO
Dados Gerais;CONSUMO_CLASSE_AGENTE;CONSUMO_PONTO_CONEXAO_CLASSE_ACR;003 Consumo;NÃO
Dados Gerais;CONSUMO_CLASSE_AGENTE;CONSUMO_PONTO_CONEXAO_CLASSE_ACL;003 Consumo;NÃO
Dados horários de consumo;CONSUMO_HORARIO_PERFIL_AGENTE;PERIODO_COMERCIALIZACAO;0;NÃO
Dados horários de consumo;CONSUMO_HORARIO_PERFIL_AGENTE;CODIGO_CARGA;0;NÃO
Dados horários de consumo;CONSUMO_HORARIO_PERFIL_AGENTE;NOME_CARGA;0;NÃO
Dados horários de consumo;CONSUMO_HORARIO_PERFIL_AGENTE;DATA_MIGRACAO;0;NÃO
Dados horários de consumo;CONSUMO_HORARIO_PERFIL_AGENTE;CODIGO_PERFIL_AGENTE;0;NÃO
Dados horários de consumo;CONSUMO_HORARIO_PERFIL_AGENTE;SIGLA_PERFIL_AGENTE;0;NÃO
Dados horários de consumo;CONSUMO_HORARIO_PERFIL_AGENTE;CLASSE_PERFIL_AGENTE;0;NÃO
Dados horários de consumo;CONSUMO_HORARIO_PERFIL_AGENTE;NOME_EMPRESARIAL;0;NÃO
Dados horários de consumo;CONSUMO_HORARIO_PERFIL_AGENTE;CNPJ_CARGA;0;NÃO
Dados horários de consumo;CONSUMO_HORARIO_PERFIL_AGENTE;CIDADE_CARGA;0;NÃO
Dados horários de consumo;CONSUMO_HORARIO_PERFIL_AGENTE;ESTADO_CARGA;0;NÃO
Dados horários de consumo;CONSUMO_HORARIO_PERFIL_AGENTE;SUBMERCADO;0;NÃO
Dados horários de consumo;CONSUMO_HORARIO_PERFIL_AGENTE;CODIGO_PERFIL_AGENTE_DISTRIBUIDORA;0;NÃO
Dados horários de consumo;CONSUMO_HORARIO_PERFIL_AGENTE;SIGLA_PERFIL_AGENTE_DISTRIBUIDORA;0;NÃO
Dados horários de consumo;CONSUMO_HORARIO_PERFIL_AGENTE;CAPACIDADE_CARGA;0;NÃO
Dados horários de consumo;CONSUMO_HORARIO_PERFIL_AGENTE;CONSUMO_CARGA_ACL;0;NÃO
Dados horários de consumo;CONSUMO_HORARIO_PERFIL_AGENTE;CONSUMO_CARGA_AJUSTADO_ACL;0;NÃO
Dados horários de consumo;CONSUMO_HORARIO_PERFIL_AGENTE;CONSUMO_CARGA_AJUSTADO;0;NÃO
Dados horários de consumo;CONSUMO_HORARIO_PERFIL_AGENTE;CONSUMO_CARGA_PONTO_CONEXAO;0;NÃO
Dados Gerais;CONSUMO_HORARIO_SUBMERCADO;SUBMERCADO;003 Consumo;NÃO
Dados Gerais;CONSUMO_HORARIO_SUBMERCADO;MES_REFERENCIA;003 Consumo;NÃO
Dados Gerais;CONSUMO_HORARIO_SUBMERCADO;PERIODO_COMERCIALIZACAO;003 Consumo;NÃO
Dados Gerais;CONSUMO_HORARIO_SUBMERCADO;CONSUMO_RECONCILIADO;003 Consumo;NÃO
Dados Gerais;CONSUMO_HORARIO_SUBMERCADO;CONSUMO_GERACAO;003 Consumo;NÃO
Dados Gerais;CONSUMO_MENSAL_AMBIENTE_COMERCIALIZACAO;MES_REFERENCIA;003 Consumo;NÃO
Dados Gerais;CONSUMO_MENSAL_AMBIENTE_COMERCIALIZACAO;CONSUMO_TOTAL_ACR;003 Consumo;NÃO
Dados Gerais;CONSUMO_MENSAL_AMBIENTE_COMERCIALIZACAO;CONSUMO_TOTAL_ACL;003 Consumo;NÃO
Dados Individuais;CONSUMO_MENSAL_PERFIL_AGENTE;MES_REFERENCIA;003 Consumo;NÃO
Dados Individuais;CONSUMO_MENSAL_PERFIL_AGENTE;COD_AGENTE;003 Consumo;NÃO
Dados Individuais;CONSUMO_MENSAL_PERFIL_AGENTE;NOME_EMPRESARIAL;003 Consumo;NÃO
Dados Individuais;CONSUMO_MENSAL_PERFIL_AGENTE;COD_PERF_AGENTE;003 Consumo;NÃO
Dados Individuais;CONSUMO_MENSAL_PERFIL_AGENTE;SIGLA_PERFIL_AGENTE;003 Consumo;NÃO
Dados Individuais;CONSUMO_MENSAL_PERFIL_AGENTE;CNPJ;003 Consumo;NÃO
Dados Individuais;CONSUMO_MENSAL_PERFIL_AGENTE;VALOR_TRC;003 Consumo;NÃO
Dados Individuais;CONSUMO_MENSAL_PERFIL_AGENTE;VALOR_TGGC;003 Consumo;NÃO
Dados Gerais;CONSUMO_RAMO_ATIVIDADE;MES_REFERENCIA;003 Consumo;NÃO
Dados Gerais;CONSUMO_RAMO_ATIVIDADE;RAMO_ATIVIDADE;003 Consumo;NÃO
Dados Gerais;CONSUMO_RAMO_ATIVIDADE;CONSUMO_CL_ESP_ACL;003 Consumo;NÃO
Dados Gerais;CONSUMO_RAMO_ATIVIDADE;CONSUMO_AUTOP_ACL;003 Consumo;NÃO
Dados Gerais;CONSUMO_RAMO_ATIVIDADE;CONSUMO_PONTO_CONEXAO_CL_ESP_ACL;003 Consumo;NÃO
Dados Gerais;CONSUMO_RAMO_ATIVIDADE;CONSUMO_PONTO_CONEXAO_AUTOP_ACL;003 Consumo;NÃO
Dados Individuais;CONTABILIZACAO_FATOR_AJUSTE_FINANCEIRO;MES_REFERENCIA;004 Contabilização;NÃO
Dados Individuais;CONTABILIZACAO_FATOR_AJUSTE_FINANCEIRO;FATOR_AJUSTE_FINANCEIRO;004 Contabilização;NÃO
Dados Individuais;CONTABILIZACAO_MONTANTE_PERFIL_AGENTE;MES_REFERENCIA;004 Contabilização;NÃO
Dados Individuais;CONTABILIZACAO_MONTANTE_PERFIL_AGENTE;COD_AGENTE;004 Contabilização;NÃO
Dados Individuais;CONTABILIZACAO_MONTANTE_PERFIL_AGENTE;NOME_EMPRESARIAL;004 Contabilização;NÃO
Dados Individuais;CONTABILIZACAO_MONTANTE_PERFIL_AGENTE;COD_PERF_AGENTE;004 Contabilização;NÃO
Dados Individuais;CONTABILIZACAO_MONTANTE_PERFIL_AGENTE;SIGLA_PERFIL_AGENTE;004 Contabilização;NÃO
Dados Individuais;CONTABILIZACAO_MONTANTE_PERFIL_AGENTE;CNPJ;004 Contabilização;NÃO
Dados Individuais;CONTABILIZACAO_MONTANTE_PERFIL_AGENTE;VALOR_TM_MCP;004 Contabilização;NÃO
Dados Individuais;CONTABILIZACAO_MONTANTE_PERFIL_AGENTE;COMPENSACAO_MRE;004 Contabilização;NÃO
Dados Individuais;CONTABILIZACAO_MONTANTE_PERFIL_AGENTE;VALOR_ENCARGO;004 Contabilização;NÃO
Dados Individuais;CONTABILIZACAO_MONTANTE_PERFIL_AGENTE;VALOR_AJUSTE_EXPOSICAO;004 Contabilização;NÃO
Dados Individuais;CONTABILIZACAO_MONTANTE_PERFIL_AGENTE;VALOR_AJUSTE_ALIVIO_RET;004 Contabilização;NÃO
Dados Individuais;CONTABILIZACAO_MONTANTE_PERFIL_AGENTE;EFEITO_CONTRAT_DISP;004 Contabilização;NÃO
Dados Individuais;CONTABILIZACAO_MONTANTE_PERFIL_AGENTE;EFEITO_CONTRAT_COTA_GF;004 Contabilização;NÃO
Dados Individuais;CONTABILIZACAO_MONTANTE_PERFIL_AGENTE;EFEITO_CONTRAT_NUCLEAR;004 Contabilização;NÃO
Dados Individuais;CONTABILIZACAO_MONTANTE_PERFIL_AGENTE;AJUSTE_RECONTAB;004 Contabilização;NÃO
Dados Individuais;CONTABILIZACAO_MONTANTE_PERFIL_AGENTE;AJUSTE_MCSD_EX;004 Contabilização;NÃO
Dados Individuais;CONTABILIZACAO_MONTANTE_PERFIL_AGENTE;RESULTADO_FINANCEIRO_ER;004 Contabilização;NÃO
Dados Individuais;CONTABILIZACAO_MONTANTE_PERFIL_AGENTE;EFEITO_CCEARQ;004 Contabilização;NÃO
Dados Individuais;CONTABILIZACAO_MONTANTE_PERFIL_AGENTE;EFEITO_CONTRAT_ITAIPU;004 Contabilização;NÃO
Dados Individuais;CONTABILIZACAO_MONTANTE_PERFIL_AGENTE;EFEITO_REPASSE_RISCO_HIDRO;004 Contabilização;NÃO
Dados Individuais;CONTABILIZACAO_MONTANTE_PERFIL_AGENTE;EFEITO_DESLOC_PLD_CMO;004 Contabilização;NÃO
Dados Individuais;CONTABILIZACAO_MONTANTE_PERFIL_AGENTE;RESULTADO_FINAL;004 Contabilização;NÃO
Dados Gerais;CONTRATO_MONTANTE_CLASSE;MES_REFERENCIA;005 Contratos;NÃO
Dados Gerais;CONTRATO_MONTANTE_CLASSE;TIPO_CONTRATO;005 Contratos;NÃO
Dados Gerais;CONTRATO_MONTANTE_CLASSE;CLASSE_VENDEDORA;005 Contratos;NÃO
Dados Gerais;CONTRATO_MONTANTE_CLASSE;CLASSE_COMPRADORA;005 Contratos;NÃO
Dados Gerais;CONTRATO_MONTANTE_CLASSE;QUANTIDADE_CONTRATO_RELACAO_CLASSE;005 Contratos;NÃO
Dados Gerais;CONTRATO_MONTANTE_CLASSE;MONTANTE_MODULADO_CONTRATO;005 Contratos;NÃO
Dados Individuais;CONTRATO_MONTANTE_COMPRA_VENDA_PERFIL_AGENTE;MES_REFERENCIA;001 Contratos;NÃO
Dados Individuais;CONTRATO_MONTANTE_COMPRA_VENDA_PERFIL_AGENTE;CODIGO_AGENTE;001 Contratos;NÃO
Dados Individuais;CONTRATO_MONTANTE_COMPRA_VENDA_PERFIL_AGENTE;NOME_EMPRESARIAL;001 Contratos;NÃO
Dados Individuais;CONTRATO_MONTANTE_COMPRA_VENDA_PERFIL_AGENTE;CODIGO_PERFIL_AGENTE;001 Contratos;NÃO
Dados Individuais;CONTRATO_MONTANTE_COMPRA_VENDA_PERFIL_AGENTE;SIGLA_PERFIL_AGENTE;001 Contratos;NÃO
Dados Individuais;CONTRATO_MONTANTE_COMPRA_VENDA_PERFIL_AGENTE;CNPJ;001 Contratos;NÃO
Dados Individuais;CONTRATO_MONTANTE_COMPRA_VENDA_PERFIL_AGENTE;CONTRATACAO_VENDA;001 Contratos;NÃO
Dados Individuais;CONTRATO_MONTANTE_COMPRA_VENDA_PERFIL_AGENTE;CONTRATACAO_COMPRA;001 Contratos;NÃO
Dados Gerais;CONTRATO_MONTANTE_MENSAL_CBR;MES_REFERENCIA;005 Contratos;NÃO
Dados Gerais;CONTRATO_MONTANTE_MENSAL_CBR;TIPO_CONTRATO;005 Contratos;NÃO
Dados Gerais;CONTRATO_MONTANTE_MENSAL_CBR;SUBTIPO_CBR;005 Contratos;NÃO
Dados Gerais;CONTRATO_MONTANTE_MENSAL_CBR;MONTANTE_MODULADO_CONTRATO_CBR;005 Contratos;NÃO
Dados Gerais;CONTRATO_MONTANTE_MENSAL_CLASSE_VENDEDOR;MES_REFERENCIA;005 Contratos;NÃO
Dados Gerais;CONTRATO_MONTANTE_MENSAL_CLASSE_VENDEDOR;MODALIDADE_ENERGIA;005 Contratos;NÃO
Dados Gerais;CONTRATO_MONTANTE_MENSAL_CLASSE_VENDEDOR;CLASSE_COMPRADORA;005 Contratos;NÃO
Dados Gerais;CONTRATO_MONTANTE_MENSAL_CLASSE_VENDEDOR;CLASSE_VENDEDORA;005 Contratos;NÃO
Dados Gerais;CONTRATO_MONTANTE_MENSAL_CLASSE_VENDEDOR;PERCENTUAL_TIPO_ENERGIA_VENDEDOR;005 Contratos;NÃO
Dados Gerais;CONTRATO_MONTANTE_MENSAL_CLASSE_VENDEDOR;MONTANTE_MODULADO_MODALIDADE_TIPO;005 Contratos;NÃO
Dados Gerais;CONTRATO_MONTANTE_MENSAL_LEILAO;MES_REFERENCIA;005 Contratos;NÃO
Dados Gerais;CONTRATO_MONTANTE_MENSAL_LEILAO;LEILAO;005 Contratos;NÃO
Dados Gerais;CONTRATO_MONTANTE_MENSAL_LEILAO;PRODUTO;005 Contratos;NÃO
Dados Gerais;CONTRATO_MONTANTE_MENSAL_LEILAO;TIPO_CONTRATO;005 Contratos;NÃO
Dados Gerais;CONTRATO_MONTANTE_MENSAL_LEILAO;MONTANTE_MODULADO_MODALIDADE_TIPO;005 Contratos;NÃO
Dados Gerais;CONTRATO_MONTANTE_MENSAL_TIPO;MES_REFERENCIA;005 Contratos;NÃO
Dados Gerais;CONTRATO_MONTANTE_MENSAL_TIPO;TIPO_CONTRATO;005 Contratos;NÃO
Dados Gerais;CONTRATO_MONTANTE_MENSAL_TIPO;MONTANTE_MODULADO_CONTRATO;005 Contratos;NÃO
Dados Gerais;CONTRATO_MONTANTE_MOD_PROINFA_AGENTE;MES_REFERENCIA;#N/D;NÃO
Dados Gerais;CONTRATO_MONTANTE_MOD_PROINFA_AGENTE;COD_PERFIL_AGENTE_COMPRADOR;#N/D;NÃO
Dados Gerais;CONTRATO_MONTANTE_MOD_PROINFA_AGENTE;PERFIL_AGENTE_COMPRADOR;#N/D;NÃO
Dados Gerais;CONTRATO_MONTANTE_MOD_PROINFA_AGENTE;CNPJ_AGENTE_COMPRADOR;#N/D;NÃO
Dados Gerais;CONTRATO_MONTANTE_MOD_PROINFA_AGENTE;SIGLA_AGENTE_COMPRADOR;#N/D;NÃO
Dados Gerais;CONTRATO_MONTANTE_MOD_PROINFA_AGENTE;PERFIL_AGENTE_VENDEDOR;#N/D;NÃO
Dados Gerais;CONTRATO_MONTANTE_MOD_PROINFA_AGENTE;SUBMERCADO;#N/D;NÃO
Dados Gerais;CONTRATO_MONTANTE_MOD_PROINFA_AGENTE;MONTANTE_MODULADO_PROINFA;#N/D;NÃO
Dados Gerais;CONTRATO_MONTANTE_PERIODO;MES_REFERENCIA;005 Contratos;NÃO
Dados Gerais;CONTRATO_MONTANTE_PERIODO;RANGE_DURACAO_CONTRATO;005 Contratos;NÃO
Dados Gerais;CONTRATO_MONTANTE_PERIODO;MONTANTE_CCEAL_COMPRA;005 Contratos;NÃO
Dados Gerais;CONTRATO_MONTANTE_PERIODO;MONTANTE_CCEAL_COMPRA_CL_CE;005 Contratos;NÃO
Dados Gerais;CONTRATO_MONTANTE_PERIODO;MONTANTE_CCEAL_COMPRA_TR;005 Contratos;NÃO
Dados Gerais;CONTRATO_MONTANTE_PERIODO;MONTANTE_CCEAL_COMPRA_CL_CE_TR;005 Contratos;NÃO
Dados Gerais;CONTRATO_MONTANTE_SUBMERCADO_ENTREGA_CCEARQ;DATA_ATUALIZACAO;005 Contratos;NÃO
Dados Gerais;CONTRATO_MONTANTE_SUBMERCADO_ENTREGA_CCEARQ;MES_REFERENCIA;005 Contratos;NÃO
Dados Gerais;CONTRATO_MONTANTE_SUBMERCADO_ENTREGA_CCEARQ;SUBMERCADO;005 Contratos;NÃO
Dados Gerais;CONTRATO_MONTANTE_SUBMERCADO_ENTREGA_CCEARQ;MONTANTE_MODULADO_CONTRATO_CCEARQ;005 Contratos;NÃO
Dados Gerais;CONTRATO_MONTANTE_SUBMERCADO_HORARIO;MES_REFERENCIA;005 Contratos;NÃO
Dados Gerais;CONTRATO_MONTANTE_SUBMERCADO_HORARIO;SUBMERCADO;005 Contratos;NÃO
Dados Gerais;CONTRATO_MONTANTE_SUBMERCADO_HORARIO;PERIODO_COMERCIALIZACAO;005 Contratos;NÃO
Dados Gerais;CONTRATO_MONTANTE_SUBMERCADO_HORARIO;MONTANTE_MODULADO_CONTRATO_CCEARQ;005 Contratos;NÃO
Dados Gerais;CONTRATO_MONTANTE_SUBMERCADO_HORARIO;MONTANTE_MODULADO_CONTRATO_CCEARD;005 Contratos;NÃO
Dados Gerais;CONTRATO_MONTANTE_SUBMERCADO_HORARIO;MONTANTE_MODULADO_CONTRATO_PROINFA;005 Contratos;NÃO
Dados Gerais;CONTRATO_MONTANTE_SUBMERCADO_HORARIO;MONTANTE_MODULADO_CONTRATO_ITAIPU;005 Contratos;NÃO
Dados Gerais;CONTRATO_MONTANTE_SUBMERCADO_HORARIO;MONTANTE_MODULADO_CONTRATO_CCEAL;005 Contratos;NÃO
Dados Gerais;CONTRATO_MONTANTE_SUBMERCADO_HORARIO;MONTANTE_MODULADO_CONTRATO_CCGF;005 Contratos;NÃO
Dados Gerais;CONTRATO_MONTANTE_SUBMERCADO_HORARIO;MONTANTE_MODULADO_CONTRATO_CCEN;005 Contratos;NÃO
Dados Individuais;DISPONIBILIDADE_LEILAO_GF_GERACAO;MES_REFERENCIA;012 Disponibilidade Leilão;NÃO
Dados Individuais;DISPONIBILIDADE_LEILAO_GF_GERACAO;CEG;012 Disponibilidade Leilão;NÃO
Dados Individuais;DISPONIBILIDADE_LEILAO_GF_GERACAO;COD_PARCELA_USINA;012 Disponibilidade Leilão;NÃO
Dados Individuais;DISPONIBILIDADE_LEILAO_GF_GERACAO;SIGLA_PARCELA_USINA;012 Disponibilidade Leilão;NÃO
Dados Individuais;DISPONIBILIDADE_LEILAO_GF_GERACAO;LEILAO;012 Disponibilidade Leilão;NÃO
Dados Individuais;DISPONIBILIDADE_LEILAO_GF_GERACAO;PRODUTO;012 Disponibilidade Leilão;NÃO
Dados Individuais;DISPONIBILIDADE_LEILAO_GF_GERACAO;SIGLA_LEILAO;012 Disponibilidade Leilão;NÃO
Dados Individuais;DISPONIBILIDADE_LEILAO_GF_GERACAO;FONTE_ENERGIA_PRIMARIA;012 Disponibilidade Leilão;NÃO
Dados Individuais;DISPONIBILIDADE_LEILAO_GF_GERACAO;DATA_LEILAO;012 Disponibilidade Leilão;NÃO
Dados Individuais;DISPONIBILIDADE_LEILAO_GF_GERACAO;GARANTIA_FISICA;012 Disponibilidade Leilão;NÃO
Dados Individuais;DISPONIBILIDADE_LEILAO_GF_GERACAO;GARANTIA_FISICA_COMPROMETIDA;012 Disponibilidade Leilão;NÃO
Dados Individuais;DISPONIBILIDADE_LEILAO_GF_GERACAO;CONTRATO;012 Disponibilidade Leilão;NÃO
Dados Individuais;DISPONIBILIDADE_LEILAO_GF_GERACAO;GERACAO;012 Disponibilidade Leilão;NÃO
Dados Individuais;DISPONIBILIDADE_LEILAO_GF_GERACAO;GERACAO_DESTINADA_LEILAO;012 Disponibilidade Leilão;NÃO
Dados Individuais;DISPONIBILIDADE_LEILAO_GF_GERACAO;GERACAO_LIVRE;012 Disponibilidade Leilão;NÃO
Dados Individuais;DISPONIBILIDADE_LEILAO_RECEITA;MES_REFERENCIA;012 Disponibilidade Leilão;NÃO
Dados Individuais;DISPONIBILIDADE_LEILAO_RECEITA;CEG;012 Disponibilidade Leilão;NÃO
Dados Individuais;DISPONIBILIDADE_LEILAO_RECEITA;COD_PARCELA_USINA;012 Disponibilidade Leilão;NÃO
Dados Individuais;DISPONIBILIDADE_LEILAO_RECEITA;SIGLA_PARCELA_USINA;012 Disponibilidade Leilão;NÃO
Dados Individuais;DISPONIBILIDADE_LEILAO_RECEITA;LEILAO;012 Disponibilidade Leilão;NÃO
Dados Individuais;DISPONIBILIDADE_LEILAO_RECEITA;PRODUTO;012 Disponibilidade Leilão;NÃO
Dados Individuais;DISPONIBILIDADE_LEILAO_RECEITA;SIGLA_LEILAO;012 Disponibilidade Leilão;NÃO
Dados Individuais;DISPONIBILIDADE_LEILAO_RECEITA;FONTE_ENERGIA_PRIMARIA;012 Disponibilidade Leilão;NÃO
Dados Individuais;DISPONIBILIDADE_LEILAO_RECEITA;DATA_LEILAO;012 Disponibilidade Leilão;NÃO
Dados Individuais;DISPONIBILIDADE_LEILAO_RECEITA;RECEITA_FIXA;012 Disponibilidade Leilão;NÃO
Dados Individuais;DISPONIBILIDADE_LEILAO_RECEITA;RECEITA_VARIAVEL;012 Disponibilidade Leilão;NÃO
Dados Individuais;DISPONIBILIDADE_LEILAO_RECEITA;RECEITA_FIXA_ATRASO;012 Disponibilidade Leilão;NÃO
Dados Individuais;DISPONIBILIDADE_LEILAO_RECEITA;RESSARCIMENTO;012 Disponibilidade Leilão;NÃO
Dados Individuais;DISPONIBILIDADE_LEILAO_RECEITA;AJUSTE;012 Disponibilidade Leilão;NÃO
Dados Individuais;DISPONIBILIDADE_LEILAO_RECEITA;RECEITA_VENDA;012 Disponibilidade Leilão;NÃO
Dados Gerais;ENCARGO_ESS_ANCILAR;MES_REFERENCIA;008 Encargos;NÃO
Dados Gerais;ENCARGO_ESS_ANCILAR;ENCARGO_CONST_ON;008 Encargos;NÃO
Dados Gerais;ENCARGO_ESS_ANCILAR;ENCARGO_CONST_OFF;008 Encargos;NÃO
Dados Gerais;ENCARGO_ESS_ANCILAR;OUTROS_SERVICOS_ANCILARES;008 Encargos;NÃO
Dados Gerais;ENCARGO_ESS_ANCILAR;ENCARGO_CS;008 Encargos;NÃO
Dados Gerais;ENCARGO_ESS_ANCILAR;ENCARGO_SEG_ENER;008 Encargos;NÃO
Dados Gerais;ENCARGO_ESS_ANCILAR;RECEBIMENTO_ENCARGO_DH;008 Encargos;NÃO
Dados Gerais;ENCARGO_ESS_ANCILAR;ENCARGO_REST_OP_UNIT_COMT;008 Encargos;NÃO
Dados Gerais;ENCARGO_ESS_ANCILAR;ENCARGO_IMPORTACAO;008 Encargos;NÃO
Dados Gerais;ENCARGO_ESS_ANCILAR;RECEBIMENTO_ENCARGO_RESERVA_OP;008 Encargos;NÃO
Dados Gerais;ENCARGO_ESS_ANCILAR;RESSARCIMENTO_SERVICOS_ANCILARES;008 Encargos;NÃO
Dados Gerais;ENCARGO_ESS_ANCILAR;RESSARCIMENTO_CUSTO_OP_MNT_EQUIP;008 Encargos;NÃO
Dados Gerais;ENCARGO_ESS_ANCILAR;RESSARCIMENTO_CUSTO_OP_MNT_EQUIP_CAG;008 Encargos;NÃO
Dados Gerais;ENCARGO_ESS_ANCILAR;RESSARCIMENTO_CUSTO_IMPL_OP_MNT_SEP;008 Encargos;NÃO
Dados Gerais;ENCARGO_ESS_ANCILAR;RESSARCIMENTO_CUSTO_EMERGENCIAL;008 Encargos;NÃO
Dados Gerais;ENCARGO_ESS_ANCILAR;RESSARCIMENTO_DIST_IMPL_OP_MNT;008 Encargos;NÃO
Dados Gerais;ENCARGO_HORARIO_SUBMERCADO;MES_REFERENCIA;008 Encargos;NÃO
Dados Gerais;ENCARGO_HORARIO_SUBMERCADO;SUBMERCADO;008 Encargos;NÃO
Dados Gerais;ENCARGO_HORARIO_SUBMERCADO;PERIODO_COMERCIALIZACAO;008 Encargos;NÃO
Dados Gerais;ENCARGO_HORARIO_SUBMERCADO;ENCARGO_CONST_ON_REST_OP_LOCAL;008 Encargos;NÃO
Dados Gerais;ENCARGO_HORARIO_SUBMERCADO;ENCARGO_CONST_ON_REST_MULTI;008 Encargos;NÃO
Dados Gerais;ENCARGO_HORARIO_SUBMERCADO;ENCARGO_CONST_OFF_REST_OP_LOCAL;008 Encargos;NÃO
Dados Gerais;ENCARGO_HORARIO_SUBMERCADO;ENCARGO_CONST_OFF_REST_MULTI;008 Encargos;NÃO
Dados Gerais;ENCARGO_HORARIO_SUBMERCADO;ENCARGO_CS;008 Encargos;NÃO
Dados Gerais;ENCARGO_HORARIO_SUBMERCADO;TOTAL_NAO_AJUSTADO_ESS;008 Encargos;NÃO
Dados Gerais;ENCARGO_HORARIO_SUBMERCADO;VALOR_AJUSTADO_DEMAIS_ESS;008 Encargos;NÃO
Dados Gerais;ENCARGO_HORARIO_SUBMERCADO;CONSUMO_REFERENCIA_ESS;008 Encargos;NÃO
Dados Gerais;ENCARGO_IMPORTACAO_GERACAO;MES_REFERENCIA;008 Encargos;NÃO
Dados Gerais;ENCARGO_IMPORTACAO_GERACAO;GERACAO_SEGURANCA_ENERGETICA;008 Encargos;NÃO
Dados Gerais;ENCARGO_IMPORTACAO_GERACAO;GERACAO_CONSTRAINED_ON;008 Encargos;NÃO
Dados Gerais;ENCARGO_IMPORTACAO_GERACAO;GERACAO_RESERVA_POTENCIA;008 Encargos;NÃO
Dados Gerais;ENCARGO_IMPORTACAO_GERACAO;GERACAO_UNIT_COMMITMENT;008 Encargos;NÃO
Dados Gerais;ENCARGO_IMPORTACAO_GERACAO;IMPORTACAO_LIQUIDA;008 Encargos;NÃO
Dados Gerais;ENCARGO_PGTO_MENSAL;MES_REFERENCIA;005 Encargos;NÃO
Dados Gerais;ENCARGO_PGTO_MENSAL;RESERVA_ALIVIO_ESS;005 Encargos;NÃO
Dados Gerais;ENCARGO_PGTO_MENSAL;TOTAL_PENALIDADES_ESS;005 Encargos;NÃO
Dados Gerais;ENCARGO_PGTO_MENSAL;SOBRA_EXCED_FINANCEIRO_MA;005 Encargos;NÃO
Dados Gerais;ENCARGO_PGTO_MENSAL;FATOR_AJUSTE_ESS;005 Encargos;NÃO
Dados Gerais;ENCARGO_PGTO_MENSAL;PAGAMENTO_ENCARGO_ESS;005 Encargos;NÃO
Dados Gerais;ENCARGO_PGTO_MENSAL;PAGAMENTO_ENCARGO_SE;005 Encargos;NÃO
Dados Gerais;ENCARGO_PGTO_MENSAL;EXCEDENTE_FINANCEIRO_IMPORT;005 Encargos;NÃO
Dados Gerais;ENCARGO_PGTO_MENSAL;VALOR_CUSTO_RAZAO_IMPORT;005 Encargos;NÃO
Dados Individuais;ENCARGO_RECEBIDO_PERFIL_AGENTE_USINA;MES_REFERENCIA;005 Encargos;NÃO
Dados Individuais;ENCARGO_RECEBIDO_PERFIL_AGENTE_USINA;CODIGO_PERFIL_AGENTE;005 Encargos;NÃO
Dados Individuais;ENCARGO_RECEBIDO_PERFIL_AGENTE_USINA;SIGLA_PERFIL_AGENTE;005 Encargos;NÃO
Dados Individuais;ENCARGO_RECEBIDO_PERFIL_AGENTE_USINA;NOME_EMPRESARIAL;005 Encargos;NÃO
Dados Individuais;ENCARGO_RECEBIDO_PERFIL_AGENTE_USINA;CODIGO_PARCELA_USINA;005 Encargos;NÃO
Dados Individuais;ENCARGO_RECEBIDO_PERFIL_AGENTE_USINA;NOME_USINA;005 Encargos;NÃO
Dados Individuais;ENCARGO_RECEBIDO_PERFIL_AGENTE_USINA;ENCARGO_CONSTRAINED_ON;005 Encargos;NÃO
Dados Individuais;ENCARGO_RECEBIDO_PERFIL_AGENTE_USINA;ENCARGO_CONSTRAINED_OFF;005 Encargos;NÃO
Dados Individuais;ENCARGO_RECEBIDO_PERFIL_AGENTE_USINA;ENCARGO_COMPENSACAO_SINCRONA;005 Encargos;NÃO
Dados Individuais;ENCARGO_RECEBIDO_PERFIL_AGENTE_USINA;ENCARGO_PRESTACAO_SERVICO_ANCILAR;005 Encargos;NÃO
Dados Individuais;ENCARGO_RECEBIDO_PERFIL_AGENTE_USINA;ENCARGO_SEGURANCA_ENERGETICA;005 Encargos;NÃO
Dados Individuais;ENCARGO_RECEBIDO_PERFIL_AGENTE_USINA;ENCARGO_DESLOCAMENTO_HIDRAULICO;005 Encargos;NÃO
Dados Individuais;ENCARGO_RECEBIDO_PERFIL_AGENTE_USINA;RESSARCIMENTO_DESLOCAMENTO_HIDRAULICO;005 Encargos;NÃO
Dados Individuais;ENCARGO_RECEBIDO_PERFIL_AGENTE_USINA;RESSARCIMENTO_RESERVA_OPERATIVA;005 Encargos;NÃO
Dados Individuais;ENCARGO_RECEBIDO_PERFIL_AGENTE_USINA;ENCARGO_IMPORTACAO;005 Encargos;NÃO
Dados Individuais;ENCARGO_RECEBIDO_PERFIL_AGENTE_USINA;ENCARGO_REST_OP_UNIT_COMT;005 Encargos;NÃO
Dados Gerais;ENERGIA_DISTRIB_HORARIO_SUBMERCADO;MES_REFERENCIA;012 InfoDistribuidoras;NÃO
Dados Gerais;ENERGIA_DISTRIB_HORARIO_SUBMERCADO;SUBMERCADO_ENTREGA;012 InfoDistribuidoras;NÃO
Dados Gerais;ENERGIA_DISTRIB_HORARIO_SUBMERCADO;SUBMERCADO_CONSUMO;012 InfoDistribuidoras;NÃO
Dados Gerais;ENERGIA_DISTRIB_HORARIO_SUBMERCADO;PERIODO_COMERCIALIZACAO;012 InfoDistribuidoras;NÃO
Dados Gerais;ENERGIA_DISTRIB_HORARIO_SUBMERCADO;ENERGIA_VERIF_EXPOSI_CCEAR;012 InfoDistribuidoras;NÃO
Dados Gerais;ENERGIA_INCENTIVADA_CLASSE;MES_REFERENCIA;022 Incentivadas;NÃO
Dados Gerais;ENERGIA_INCENTIVADA_CLASSE;CLASSE_AGENTE;022 Incentivadas;NÃO
Dados Gerais;ENERGIA_INCENTIVADA_CLASSE;MONTANTE_MODULADO_ENERGIA_CE_0;022 Incentivadas;NÃO
Dados Gerais;ENERGIA_INCENTIVADA_CLASSE;MONTANTE_MODULADO_ENERGIA_IE_100;022 Incentivadas;NÃO
Dados Gerais;ENERGIA_INCENTIVADA_CLASSE;MONTANTE_MODULADO_ENERGIA_IE_50;022 Incentivadas;NÃO
Dados Gerais;ENERGIA_INCENTIVADA_CLASSE;MONTANTE_MODULADO_ENERGIA_IE_80;022 Incentivadas;NÃO
Dados Gerais;ENERGIA_INCENTIVADA_CLASSE;MONTANTE_MODULADO_ENERGIA_CQ_50;022 Incentivadas;NÃO
Dados Gerais;ENERGIA_INCENTIVADA_GF_FONTE;MES_REFERENCIA;022 Incentivadas;NÃO
Dados Gerais;ENERGIA_INCENTIVADA_GF_FONTE;FONTE_PRIMARIA;022 Incentivadas;NÃO
Dados Gerais;ENERGIA_INCENTIVADA_GF_FONTE;GARANTIA_FISICA_CQ_DT_50;022 Incentivadas;NÃO
Dados Gerais;ENERGIA_INCENTIVADA_GF_FONTE;GARANTIA_FISICA_IE_DT_50;022 Incentivadas;NÃO
Dados Gerais;ENERGIA_INCENTIVADA_GF_FONTE;GARANTIA_FISICA_IE_DT_100;022 Incentivadas;NÃO
Dados Gerais;ENERGIA_INCENTIVADA_GF_FONTE;GARANTIA_FISICA_IE_DT_80;022 Incentivadas;NÃO
Dados Gerais;ENERGIA_INCENTIVADA_GF_FONTE;GARANTIA_FISICA_INE_DT;022 Incentivadas;NÃO
Dados Gerais;ENERGIA_INCENTIVADA_MENSAL;MES_REFERENCIA;022 Incentivadas;NÃO
Dados Gerais;ENERGIA_INCENTIVADA_MENSAL;GERACAO_ENERGIA_INCENTIVADA;022 Incentivadas;NÃO
Dados Gerais;ENERGIA_INCENTIVADA_MENSAL;QUANTIDADE_USINA_INCENTIVADA_ESPECIAL_CONV;022 Incentivadas;NÃO
Dados Gerais;ENERGIA_INCENTIVADA_MENSAL;CAPACIDADE_INSTALADA_ENERGIA_INCENTIVADA;022 Incentivadas;NÃO
Dados Gerais;ENERGIA_INCENTIVADA_MENSAL;GARANTIA_FISICA_DT_50;022 Incentivadas;NÃO
Dados Gerais;ENERGIA_INCENTIVADA_MENSAL;GARANTIA_FISICA_DT_80;022 Incentivadas;NÃO
Dados Gerais;ENERGIA_INCENTIVADA_MENSAL;GARANTIA_FISICA_DT_100;022 Incentivadas;NÃO
Dados Gerais;ENERGIA_INCENTIVADA_MENSAL;MONTANTE_MODULADO_EI_0;022 Incentivadas;NÃO
Dados Gerais;ENERGIA_INCENTIVADA_MENSAL;MONTANTE_MODULADO_EI_50;022 Incentivadas;NÃO
Dados Gerais;ENERGIA_INCENTIVADA_MENSAL;MONTANTE_MODULADO_EI_100;022 Incentivadas;NÃO
Dados Gerais;ENERGIA_INCENTIVADA_MENSAL;DESCONTO_MEDIO_EI_50;022 Incentivadas;NÃO
Dados Gerais;ENERGIA_INCENTIVADA_MENSAL;DESCONTO_MEDIO_EI_80;022 Incentivadas;NÃO
Dados Gerais;ENERGIA_INCENTIVADA_MENSAL;DESCONTO_MEDIO_EI_100;022 Incentivadas;NÃO
Dados Gerais;ENERGIA_INCENTIVADA_MENSAL;DESCONTO_MEDIO_EI_AUTOPRODUTOR;022 Incentivadas;NÃO
Dados Gerais;ENERGIA_INCENTIVADA_MENSAL;DESCONTO_MEDIO_EI_CONSUMIDOR_ESPECIAL;022 Incentivadas;NÃO
Dados Gerais;ENERGIA_INCENTIVADA_MENSAL;DESCONTO_MEDIO_EI_CONSUMIDOR_LIVRE;022 Incentivadas;NÃO
Dados Gerais;ENERGIA_INCENTIVADA_MENSAL;GARANTIA_FISICA_APURADA_0;022 Incentivadas;NÃO
Dados Gerais;ENERGIA_INCENTIVADA_MENSAL;GARANTIA_FISICA_APURADA_50;022 Incentivadas;NÃO
Dados Gerais;ENERGIA_INCENTIVADA_MENSAL;GARANTIA_FISICA_APURADA_80;022 Incentivadas;NÃO
Dados Gerais;ENERGIA_INCENTIVADA_MENSAL;GARANTIA_FISICA_APURADA_100;022 Incentivadas;NÃO
Dados Gerais;ENERGIA_INCENTIVADA_MENSAL;CONSUMO_CONSUMIDOR_ESPECIAL;022 Incentivadas;NÃO
Dados Gerais;ENERGIA_RESERVA_CONSUMO_REFERENCIA;MES_REFERENCIA;023 Reserva;NÃO
Dados Gerais;ENERGIA_RESERVA_CONSUMO_REFERENCIA;TRC_SEG_ENER_SUC;023 Reserva;NÃO
Dados Gerais;ENERGIA_RESERVA_CONSUMO_REFERENCIA;TRC_SEG_ENER;023 Reserva;NÃO
Dados Gerais;ENERGIA_RESERVA_LIQUIDACAO;MES_REFERENCIA;023 Reserva;NÃO
Dados Gerais;ENERGIA_RESERVA_LIQUIDACAO;EFEITO_CCEAR_DISP_CER;023 Reserva;NÃO
Dados Gerais;ENERGIA_RESERVA_LIQUIDACAO;REPASSE_USUARIOS_RESERVA;023 Reserva;NÃO
Dados Gerais;ENERGIA_RESERVA_LIQUIDACAO;AJUSTE;023 Reserva;NÃO
Dados Gerais;ENERGIA_RESERVA_LIQUIDACAO;VALOR_TOTAL_LIQUID;023 Reserva;NÃO
Dados Gerais;ENERGIA_RESERVA_MENSAL_LEILAO;ES_REFERENCIA;023 Reserva;NÃO
Dados Gerais;ENERGIA_RESERVA_MENSAL_LEILAO;GERACAO_FONTE_PRIMARIA;023 Reserva;NÃO
Dados Gerais;ENERGIA_RESERVA_MENSAL_LEILAO;LEILAO;023 Reserva;NÃO
Dados Gerais;ENERGIA_RESERVA_MENSAL_LEILAO;BALANCO_ENERGETICO_CER;023 Reserva;NÃO
Dados Gerais;EOLICA_GERACAO_ACR_ACL;MES_REFERENCIA;019 Eólicas;NÃO
Dados Gerais;EOLICA_GERACAO_ACR_ACL;MODALIDADE_ENERGIA;019 Eólicas;NÃO
Dados Gerais;EOLICA_GERACAO_ACR_ACL;GERACAO_TOTAL;019 Eólicas;NÃO
Dados Gerais;EOLICA_GERACAO_ACR_ACL;GERACAO_ACR;019 Eólicas;NÃO
Dados Gerais;EOLICA_GERACAO_ACR_ACL;GERACAO_ACL;019 Eólicas;NÃO
Dados Gerais;EOLICA_GF_DEFINIDA;MES_REFERENCIA;019 Eólicas;NÃO
Dados Gerais;EOLICA_GF_DEFINIDA;GERACAO_EOLICA;019 Eólicas;NÃO
Dados Gerais;EOLICA_GF_DEFINIDA;CAPACIDADE_INSTALADA_EOLICA;019 Eólicas;NÃO
Dados Gerais;EOLICA_GF_DEFINIDA;GARANTIA_FISICA_EOLICA;019 Eólicas;NÃO
Dados Gerais;EOLICA_GF_DEFINIDA;QUANTIDADE_UG_OP;019 Eólicas;NÃO
Dados Gerais;EXPOSICAO_FINANCEIRA_MENSAL;MES_REFERENCIA;009 Exposição Financeira;NÃO
Dados Gerais;EXPOSICAO_FINANCEIRA_MENSAL;EXCEDENTE_FINANCEIRO;009 Exposição Financeira;NÃO
Dados Gerais;EXPOSICAO_FINANCEIRA_MENSAL;EXCEDENTE_FINANCEIRO_POSITIVO;009 Exposição Financeira;NÃO
Dados Gerais;EXPOSICAO_FINANCEIRA_MENSAL;TOTAL_RECURSO_DISPONIVEL;009 Exposição Financeira;NÃO
Dados Gerais;EXPOSICAO_FINANCEIRA_MENSAL;TOTAL_EXPOSICAO_NEGATIVA;009 Exposição Financeira;NÃO
Dados Gerais;EXPOSICAO_FINANCEIRA_MENSAL;COBERTURA_EXPOSICAO_NEGATIVA;009 Exposição Financeira;NÃO
Dados Gerais;EXPOSICAO_FINANCEIRA_MENSAL;TOTAL_EXPOSICAO_NEGATIVA_REM;009 Exposição Financeira;NÃO
Dados Gerais;EXPOSICAO_FINANCEIRA_MENSAL;TOTAL_EXPOSICAO_NEGATIVA_LIQ;009 Exposição Financeira;NÃO
Dados Gerais;EXPOSICAO_FINANCEIRA_MENSAL;TOTAL_RECURSO_DISPONIVEL_EF_ANT;009 Exposição Financeira;NÃO
Dados Gerais;EXPOSICAO_FINANCEIRA_MENSAL;TOTAL_RECURSO_COMPENSACAO_EF_N;009 Exposição Financeira;NÃO
Dados Gerais;EXPOSICAO_FINANCEIRA_MENSAL;RESERVA_ALIVIO_ESS;009 Exposição Financeira;NÃO
Dados Gerais;FATOR_AJUSTE_GF;ANO_REFERENCIA;Demais Dados;NÃO
Dados Gerais;FATOR_AJUSTE_GF;FATOR_AJUSTE_PDI_ITAIPU;Demais Dados;NÃO
Dados Gerais;FOTOVOLTAICA_ACL;MES_REFERENCIA;025 Fotovoltaica;NÃO
Dados Gerais;FOTOVOLTAICA_ACL;GERACAO_FOTOVOLTAICA;025 Fotovoltaica;NÃO
Dados Gerais;FOTOVOLTAICA_ACL;CAPACIDADE_INSTALADA_FOTOVOLTAICA;025 Fotovoltaica;NÃO
Dados Gerais;FOTOVOLTAICA_GERACAO_ACR_ACL;MES_REFERENCIA;025 Fotovoltaica;NÃO
Dados Gerais;FOTOVOLTAICA_GERACAO_ACR_ACL;MODALIDADE_ENERGIA;025 Fotovoltaica;NÃO
Dados Gerais;FOTOVOLTAICA_GERACAO_ACR_ACL;GERACAO_TOTAL;025 Fotovoltaica;NÃO
Dados Gerais;FOTOVOLTAICA_GERACAO_ACR_ACL;GERACAO_ACR;025 Fotovoltaica;NÃO
Dados Gerais;FOTOVOLTAICA_GERACAO_ACR_ACL;GERACAO_ACL;025 Fotovoltaica;NÃO
Dados Gerais;FOTOVOLTAICA_GF_DEFINIDA;MES_REFERENCIA;025 Fotovoltaica;NÃO
Dados Gerais;FOTOVOLTAICA_GF_DEFINIDA;GERACAO_FOTOVOLTAICA;025 Fotovoltaica;NÃO
Dados Gerais;FOTOVOLTAICA_GF_DEFINIDA;CAPACIDADE_INSTALADA_FOTOVOLTAICA;025 Fotovoltaica;NÃO
Dados Gerais;FOTOVOLTAICA_GF_DEFINIDA;GARANTIA_FISICA_FOTOVOLTAICA;025 Fotovoltaica;NÃO
Dados Gerais;FOTOVOLTAICA_GF_DEFINIDA;QUANTIDADE_UG_OP;025 Fotovoltaica;NÃO
Dados Gerais;FOTOVOLTAICA_LEILAO_ACR;ES_REFERENCIA;025 Fotovoltaica;NÃO
Dados Gerais;FOTOVOLTAICA_LEILAO_ACR;LEILAO;025 Fotovoltaica;NÃO
Dados Gerais;FOTOVOLTAICA_LEILAO_ACR;GERACAO_DESTINADA_LEILAO_UFV;025 Fotovoltaica;NÃO
Dados Gerais;FOTOVOLTAICA_LEILAO_ACR;CAPACIDADE_INSTALADA_TOTAL_UFV;025 Fotovoltaica;NÃO
Dados Gerais;FOTOVOLTAICA_LEILAO_ACR;GARANTIA_FISICA_UFV;025 Fotovoltaica;NÃO
Dados Gerais;GARANTIA_FISICA_FONTE;MES_REFERENCIA;006 Garantia Física;NÃO
Dados Gerais;GARANTIA_FISICA_FONTE;FONTE_PRIMARIA;006 Garantia Física;NÃO
Dados Gerais;GARANTIA_FISICA_FONTE;GARANTIA_FISICA_CENTRO_GRAVIDADE;006 Garantia Física;NÃO
Dados Gerais;GARANTIA_FISICA_LASTRO;MES_REFERENCIA;006 Garantia Física;NÃO
Dados Gerais;GARANTIA_FISICA_LASTRO;GARANTIA_FISICA;006 Garantia Física;NÃO
Dados Gerais;GARANTIA_FISICA_LASTRO;GARANTIA_FISICA_IA_IIA;006 Garantia Física;NÃO
Dados Gerais;GARANTIA_FISICA_LASTRO;GARANTIA_FISICA_APURADA;006 Garantia Física;NÃO
Dados Gerais;GARANTIA_FISICA_SAZO_LASTRO;DATA_ATUALIZACAO;006 Garantia Física;NÃO
Dados Gerais;GARANTIA_FISICA_SAZO_LASTRO;MES_REFERENCIA;006 Garantia Física;NÃO
Dados Gerais;GARANTIA_FISICA_SAZO_LASTRO;GF_SAZO_USINAS_MRE;006 Garantia Física;NÃO
Dados Gerais;GARANTIA_FISICA_SAZO_LASTRO;GF_SAZO_USINAS_FORA_DO_MRE;006 Garantia Física;NÃO
Dados Gerais;GARANTIA_FISICA_SAZO_MRE_SUBMERCADO;MES_REFERENCIA;002 MRE;NÃO
Dados Gerais;GARANTIA_FISICA_SAZO_MRE_SUBMERCADO;SUBMERCADO;002 MRE;NÃO
Dados Gerais;GARANTIA_FISICA_SAZO_MRE_SUBMERCADO;GARANTIA_FISICA_SAZO_MRE_OPCOM;002 MRE;NÃO
Dados Gerais;GARANTIA_FISICA_SAZO_SUBMERCADO;DATA_ATUALIZACAO;006 Garantia Física;NÃO
Dados Gerais;GARANTIA_FISICA_SAZO_SUBMERCADO;MES_REFERENCIA;006 Garantia Física;NÃO
Dados Gerais;GARANTIA_FISICA_SAZO_SUBMERCADO;SUBMERCADO;006 Garantia Física;NÃO
Dados Gerais;GARANTIA_FISICA_SAZO_SUBMERCADO;GF_SAZO_USINAS_MRE_N_MOTORIZADA;006 Garantia Física;NÃO
Dados Gerais;GARANTIA_FISICA_SAZO_SUBMERCADO;GF_SAZO_USINAS_MRE_MOTORIZADA;006 Garantia Física;NÃO
Dados Gerais;GARANTIA_FISICA_SAZO_SUBMERCADO;GF_SAZO_USINAS_COTAS_MOTORIZADA;006 Garantia Física;NÃO
Dados Gerais;GERACAO_CONSOLIDADA;MES_REFERENCIA;001 Geração;NÃO
Dados Gerais;GERACAO_CONSOLIDADA;GERACAO_CVU_MENOR_IGUAL_PLD;001 Geração;NÃO
Dados Gerais;GERACAO_CONSOLIDADA;GERACAO_CVU_MAIOR_PLD;001 Geração;NÃO
Dados Gerais;GERACAO_CONSOLIDADA;GERACAO_INFLEXIVEL;001 Geração;NÃO
Dados Gerais;GERACAO_CONSOLIDADA;GERACAO_SEGURANCA_ENERGETICA;001 Geração;NÃO
Dados Gerais;GERACAO_CONSOLIDADA;GERACAO_CONSTRAINED_ON;001 Geração;NÃO
Dados Gerais;GERACAO_CONSOLIDADA;GERACAO_CUSTO_DESLOCAMENTO;001 Geração;NÃO
Dados Gerais;GERACAO_CONSOLIDADA;GERACAO_RESERVA_POTENCIA;001 Geração;NÃO
Dados Gerais;GERACAO_CONSOLIDADA;GERACAO_UNIT_COMMITMENT;001 Geração;NÃO
Dados Gerais;GERACAO_FONTE_DESPACHO;MES_REFERENCIA;001 Geração;NÃO
Dados Gerais;GERACAO_FONTE_DESPACHO;FONTE_PRIMARIA;001 Geração;NÃO
Dados Gerais;GERACAO_FONTE_DESPACHO;TIPO_DESPACHO;001 Geração;NÃO
Dados Gerais;GERACAO_FONTE_DESPACHO;GERACAO;001 Geração;NÃO
Dados Gerais;GERACAO_FONTE_PRIMARIA;MES_REFERENCIA;001 Geração;NÃO
Dados Gerais;GERACAO_FONTE_PRIMARIA;FONTE_PRIMARIA;001 Geração;NÃO
Dados Gerais;GERACAO_FONTE_PRIMARIA;GERACAO;001 Geração;NÃO
Dados Gerais;GERACAO_FONTE_PRIMARIA;GERACAO_GF_DEFINIDA;001 Geração;NÃO
Dados Gerais;GERACAO_FONTE_PRIMARIA;GERACAO_FINAL_TESTE;001 Geração;NÃO
Dados Gerais;GERACAO_FONTE_PRIMARIA;GERACAO_COTA_GF;001 Geração;NÃO
Dados Gerais;GERACAO_FONTE_PRIMARIA;CAPACIDADE_INSTALADA;001 Geração;NÃO
Dados Gerais;GERACAO_FONTE_PRIMARIA;GARANTIA_FISICA;001 Geração;NÃO
Dados Gerais;GERACAO_FONTE_PRIMARIA;GARANTIA_FISICA_APURADA;001 Geração;NÃO
Dados Gerais;GERACAO_FONTE_PRIMARIA;MEDICAO_G_NAO_AJUSTADA;001 Geração;NÃO
Dados Gerais;GERACAO_FONTE_PRIMARIA;MEDICAO_G_TESTE_NAO_AJUSTADA;001 Geração;NÃO
Dados Gerais;GERACAO_FONTE_PRIMARIA;QUANTIDADE_USINA_FONTE;001 Geração;NÃO
Dados Gerais;GERACAO_FONTE_SUB_ESTADO_MENSAL;MES_REFERENCIA;019 Eólicas;NÃO
Dados Gerais;GERACAO_FONTE_SUB_ESTADO_MENSAL;SUBMERCADO;019 Eólicas;NÃO
Dados Gerais;GERACAO_FONTE_SUB_ESTADO_MENSAL;FONTE_PRIMARIA;019 Eólicas;NÃO
Dados Gerais;GERACAO_FONTE_SUB_ESTADO_MENSAL;ESTADO;019 Eólicas;NÃO
Dados Gerais;GERACAO_FONTE_SUB_ESTADO_MENSAL;GERACAO;019 Eólicas;NÃO
Dados Gerais;GERACAO_FONTE_SUB_ESTADO_MENSAL;CAPACIDADE_INSTALADA;019 Eólicas;NÃO
Dados Gerais;GERACAO_HORARIA_FONTE_SUBMERCADO;FONTE_PRIMARIA;001 Geração;NÃO
Dados Gerais;GERACAO_HORARIA_FONTE_SUBMERCADO;SUBMERCADO;001 Geração;NÃO
Dados Gerais;GERACAO_HORARIA_FONTE_SUBMERCADO;PERIODO_COMERCIALIZACAO;001 Geração;NÃO
Dados Gerais;GERACAO_HORARIA_FONTE_SUBMERCADO;MES_REFERENCIA;001 Geração;NÃO
Dados Gerais;GERACAO_HORARIA_FONTE_SUBMERCADO;GERACAO;001 Geração;NÃO
Dados Gerais;GERACAO_HORARIA_SUBMERCADO;SUBMERCADO;001 Geração;NÃO
Dados Gerais;GERACAO_HORARIA_SUBMERCADO;MES_REFERENCIA;001 Geração;NÃO
Dados Gerais;GERACAO_HORARIA_SUBMERCADO;PERIODO_COMERCIALIZACAO;001 Geração;NÃO
Dados Gerais;GERACAO_HORARIA_SUBMERCADO;GERACAO;001 Geração;NÃO
Dados Gerais;GERACAO_HORARIA_SUBMERCADO;GERACAO_MRE;001 Geração;NÃO
Dados Gerais;GERACAO_HORARIA_SUBMERCADO;GARANTIA_FISICA_MRE;001 Geração;NÃO
Dados Gerais;GERACAO_HORARIA_SUBMERCADO;GARANTIA_FISICA_MODULADA_MRE;001 Geração;NÃO
Dados Gerais;GERACAO_HORARIA_SUBMERCADO;FLUXO_ENERGIA_MRE;001 Geração;NÃO
Dados Gerais;GERACAO_HORARIA_SUBMERCADO;GARANTIA_FISICA_SAZONALIZADA_MRE;001 Geração;NÃO
Dados Gerais;GERACAO_HORARIA_SUBMERCADO;GARANTIA_FISICA_SAZONALIZADA_MRE_SEM_GF;001 Geração;NÃO
Dados Gerais;GERACAO_HORARIA_SUBMERCADO;GARANTIA_FISICA_SAZONALIZADA_MRE_COM_GF;001 Geração;NÃO
Dados Gerais;GERACAO_HORARIA_SUBMERCADO;GARANTIA_FISICA_SAZONALIZADA_NAO_HIDRO_COM_GF;001 Geração;NÃO
Dados Gerais;GERACAO_HORARIA_SUBMERCADO;GARANTIA_FISICA_SAZONALIZADA_NAO_HIDRO_IA_IIA_SEM_GF;001 Geração;NÃO
Dados Gerais;GERACAO_HORARIA_SUBMERCADO;GARANTIA_FISICA_SAZONALIZADA_NAO_HIDRO_IB_IIB_IIC_III_SEM_GF;001 Geração;NÃO
Dados horários de geração;GERACAO_HORARIA_USINA;MES_REFERENCIA;002 Usinas com CVU;NÃO
Dados horários de geração;GERACAO_HORARIA_USINA;DATA;002 Usinas com CVU;NÃO
Dados horários de geração;GERACAO_HORARIA_USINA;PERIODO_COMERCIALIZACAO;002 Usinas com CVU;NÃO
Dados horários de geração;GERACAO_HORARIA_USINA;CODIGO_PARCELA_USINA;002 Usinas com CVU;NÃO
Dados horários de geração;GERACAO_HORARIA_USINA;SIGLA_USINA;002 Usinas com CVU;NÃO
Dados horários de geração;GERACAO_HORARIA_USINA;FONTE_PRIMARIA;002 Usinas com CVU;NÃO
Dados horários de geração;GERACAO_HORARIA_USINA;SUBMERCADO;002 Usinas com CVU;NÃO
Dados horários de geração;GERACAO_HORARIA_USINA;TIPO_USINA;002 Usinas com CVU;NÃO
Dados horários de geração;GERACAO_HORARIA_USINA;GERACAO_CENTRO_GRAVIDADE;002 Usinas com CVU;NÃO
Dados horários de geração;GERACAO_HORARIA_USINA;FATOR_PERDA_INTERNA;002 Usinas com CVU;NÃO
Dados horários de geração;GERACAO_HORARIA_USINA;FATOR_RATEIO_PERDA_GERACAO;002 Usinas com CVU;NÃO
Dados horários de geração;GERACAO_HORARIA_USINA;GERACAO_RESTRICAO_OPERATIVA_CONST_ON;002 Usinas com CVU;NÃO
Dados horários de geração;GERACAO_HORARIA_USINA;ENERGIA_AJUSTADA_ENCARGO_RESTRICAO_OPERATIVA;002 Usinas com CVU;NÃO
Dados horários de geração;GERACAO_HORARIA_USINA;INDISPONIBILIDADE_UTE_ORDEM_MERITO_ECONOMICO;002 Usinas com CVU;NÃO
Dados horários de geração;GERACAO_HORARIA_USINA;CUSTO_DECLARADO_PARCELA_USINA;002 Usinas com CVU;NÃO
Dados horários de geração;GERACAO_HORARIA_USINA;FATOR_DESLOCAMENTO_HIDRAULICO;002 Usinas com CVU;NÃO
Dados horários de geração;GERACAO_HORARIA_USINA;GERACAO_VERIFICADA_ONS;002 Usinas com CVU;NÃO
Dados horários de geração;GERACAO_HORARIA_USINA;DISPONIBILIDADE_VERIFICADA_UG;002 Usinas com CVU;NÃO
Dados horários de geração;GERACAO_HORARIA_USINA;GERACAO_INFLEXIVEL;002 Usinas com CVU;NÃO
Dados horários de geração;GERACAO_HORARIA_USINA;GERACAO_SUBSTITUTA_COMPENSACAO_INDISPONIBILIDADE;002 Usinas com CVU;NÃO
Dados horários de geração;GERACAO_HORARIA_USINA;DESPACHO_RESTRICAO_ENERGETICA_EX_ANTE;002 Usinas com CVU;NÃO
Dados horários de geração;GERACAO_HORARIA_USINA;DESPACHO_PAGAMENTO_ENCARGO_RESTRICAO_OPERACAO;002 Usinas com CVU;NÃO
Dados horários de geração;GERACAO_HORARIA_USINA;GERACAO_FORA_ORDEM_MERITO;002 Usinas com CVU;NÃO
Dados horários de geração;GERACAO_HORARIA_USINA;DESPACHO_ORDEM_MERITO_DECK_ONS;002 Usinas com CVU;NÃO
Dados horários de geração;GERACAO_HORARIA_USINA;DESPACHO_ORDEM_MERITO_PRECO;002 Usinas com CVU;NÃO
Dados horários de geração;GERACAO_HORARIA_USINA;DESPACHO_ORDEM_MERITO;002 Usinas com CVU;NÃO
Dados horários de geração;GERACAO_HORARIA_USINA;GERACAO_RESERVA_POTENCIA;002 Usinas com CVU;NÃO
Dados horários de geração;GERACAO_HORARIA_USINA;PRECO_ENCARGO_RESERVA_POTENCIA;002 Usinas com CVU;NÃO
Dados horários de geração;GERACAO_HORARIA_USINA;GERACAO_UNIT_COMMITMENT;002 Usinas com CVU;NÃO
Dados horários de geração;GERACAO_HORARIA_USINA;GERACAO_FINAL_ORDEM_MERITO;002 Usinas com CVU;NÃO
Dados horários de geração;GERACAO_HORARIA_USINA;DESLOCAMENTO_HIDRAULICO_ENERGETICO_PRELIMINAR;002 Usinas com CVU;NÃO
Dados horários de geração;GERACAO_HORARIA_USINA;GARANTIA_FISICA_AJUSTADA_FATOR_DISPONIBILIDADE;002 Usinas com CVU;NÃO
Dados horários de geração;GERACAO_HORARIA_USINA;GARANTIA_FISICA_RRH_MODULADA_AJUSTADA_2;002 Usinas com CVU;NÃO
Dados horários de geração;GERACAO_HORARIA_USINA;GARANTIA_FISICA_RRH_MODULADA_AJUSTADA_3;002 Usinas com CVU;NÃO
Dados horários de geração;GERACAO_HORARIA_USINA;FATOR_RISCO_HIDROLOGICO;002 Usinas com CVU;NÃO
Dados Gerais;GERACAO_SUBMERCADO;SUBMERCADO;002 MRE;NÃO
Dados Gerais;GERACAO_SUBMERCADO;MES_REFERENCIA;002 MRE;NÃO
Dados Gerais;GERACAO_SUBMERCADO;GERACAO_MRE;002 MRE;NÃO
Dados Gerais;GERACAO_SUBMERCADO;GERACAO_MRE_COTA_GF;002 MRE;NÃO
Dados Gerais;ITAIPU_BALANCO_ENERGETICO_MENSAL;MES_REFERENCIA;016 CCIT;NÃO
Dados Gerais;ITAIPU_BALANCO_ENERGETICO_MENSAL;TOTAL_GERACAO_PERFIL;016 CCIT;NÃO
Dados Gerais;ITAIPU_BALANCO_ENERGETICO_MENSAL;TOTAL_CONSUMO_GERACAO;016 CCIT;NÃO
Dados Gerais;ITAIPU_BALANCO_ENERGETICO_MENSAL;CONSOLIDACAO_RESULTADO_MRE;016 CCIT;NÃO
Dados Gerais;ITAIPU_BALANCO_ENERGETICO_MENSAL;MONTANTE_MODULADO_CONTRATO_ITAIPU;016 CCIT;NÃO
Dados Gerais;ITAIPU_BALANCO_ENERGETICO_MENSAL;RATEIO_BALANCO_ENERGETICO_ITAIPU;016 CCIT;NÃO
Dados Gerais;ITAIPU_RESULTADO_MENSAL;MES_REFERENCIA;016 CCIT;NÃO
Dados Gerais;ITAIPU_RESULTADO_MENSAL;RESULTADO_FINAL_ITAIPU;016 CCIT;NÃO
Dados Gerais;ITAIPU_RESULTADO_MENSAL;RESULTADO_FINAL_VENDEDOR_ITAIPU;016 CCIT;NÃO
Dados Gerais;ITAIPU_RESULTADO_MENSAL;EFEITO_CONTRATACAO_ITAIPU;016 CCIT;NÃO
Dados Gerais;ITAIPU_RESULTADO_MENSAL;RESULTADO_PRELIMINAR_MCP_ITAIPU;016 CCIT;NÃO
Dados Gerais;ITAIPU_RESULTADO_MENSAL;RESULTADO_PRELIMINAR_MRE_ITAIPU;016 CCIT;NÃO
Dados Gerais;ITAIPU_RESULTADO_MENSAL;RESULTADO_PRELIMINAR_ALIV_RETR_ITAIPU;016 CCIT;NÃO
Dados Gerais;ITAIPU_RESULTADO_MENSAL;RESULTADO_PRELIMINAR_EF_S_ITAIPU;016 CCIT;NÃO
Dados Gerais;LEILAO_ACR_EOL;MES_REFERENCIA;019 Eólicas;NÃO
Dados Gerais;LEILAO_ACR_EOL;LEILAO;019 Eólicas;NÃO
Dados Gerais;LEILAO_ACR_EOL;GERACAO_DESTINADA_LEILAO_EOL;019 Eólicas;NÃO
Dados Gerais;LEILAO_ACR_EOL;CAPACIDADE_INSTALADA_TOTAL_EOL;019 Eólicas;NÃO
Dados Gerais;LEILAO_ACR_EOL;GARANTIA_FISICA_EOL;019 Eólicas;NÃO
Dados Gerais;LEILAO_ACR_PCH;MES_REFERENCIA;021 PCHs;NÃO
Dados Gerais;LEILAO_ACR_PCH;LEILAO;021 PCHs;NÃO
Dados Gerais;LEILAO_ACR_PCH;GERACAO_DESTINADA_LEILAO_PCH;021 PCHs;NÃO
Dados Gerais;LEILAO_ACR_PCH;CAPACIDADE_INSTALADA_TOTAL_PCH;021 PCHs;NÃO
Dados Gerais;LEILAO_ACR_PCH;GARANTIA_FISICA_PCH;021 PCHs;NÃO
Dados Individuais;LISTA_PERFIL;COD_AGENTE;007 Lista de Perfis;NÃO
Dados Individuais;LISTA_PERFIL;SIGLA_AGENTE;007 Lista de Perfis;NÃO
Dados Individuais;LISTA_PERFIL;NOME_EMPRESARIAL;007 Lista de Perfis;NÃO
Dados Individuais;LISTA_PERFIL;CNPJ;007 Lista de Perfis;NÃO
Dados Individuais;LISTA_PERFIL;COD_PERF_AGENTE;007 Lista de Perfis;NÃO
Dados Individuais;LISTA_PERFIL;SIGLA_PERFIL_AGENTE;007 Lista de Perfis;NÃO
Dados Individuais;LISTA_PERFIL;CLASSE_PERFIL_AGENTE;007 Lista de Perfis;NÃO
Dados Individuais;LISTA_PERFIL;STATUS_PERFIL;007 Lista de Perfis;NÃO
Dados Individuais;LISTA_PERFIL;CATEGORIA_AGENTE;007 Lista de Perfis;NÃO
Dados Individuais;LISTA_PERFIL;SUBMERCADO;007 Lista de Perfis;NÃO
Dados Individuais;LISTA_PERFIL;VAREJISTA;007 Lista de Perfis;NÃO
Dados Individuais;MCSD_CEDENTE_CESSIONARIO;MES_REFERENCIA;010 MCSD;NÃO
Dados Individuais;MCSD_CEDENTE_CESSIONARIO;PROCESSAMENTO;010 MCSD;NÃO
Dados Individuais;MCSD_CEDENTE_CESSIONARIO;SIGLA_AGENTE_CEDENTE;010 MCSD;NÃO
Dados Individuais;MCSD_CEDENTE_CESSIONARIO;SIGLA_AGENTE_CESSIONARIO;010 MCSD;NÃO
Dados Individuais;MCSD_CEDENTE_CESSIONARIO;LEILAO;010 MCSD;NÃO
Dados Individuais;MCSD_CEDENTE_CESSIONARIO;PRODUTO;010 MCSD;NÃO
Dados Individuais;MCSD_CEDENTE_CESSIONARIO;COMPENSACAO_CEDENTE_CESSIONARIO;010 MCSD;NÃO
Dados Individuais;MCSD_MONTANTE_COMPENSADO_DEVOLVIDO;MES_REFERENCIA;010 MCSD;NÃO
Dados Individuais;MCSD_MONTANTE_COMPENSADO_DEVOLVIDO;PROCESSAMENTO;010 MCSD;NÃO
Dados Individuais;MCSD_MONTANTE_COMPENSADO_DEVOLVIDO;SIGLA_AGENTE_CEDENTE;010 MCSD;NÃO
Dados Individuais;MCSD_MONTANTE_COMPENSADO_DEVOLVIDO;LEILAO;010 MCSD;NÃO
Dados Individuais;MCSD_MONTANTE_COMPENSADO_DEVOLVIDO;PRODUTO;010 MCSD;NÃO
Dados Individuais;MCSD_MONTANTE_COMPENSADO_DEVOLVIDO;COMPENSACAO_MENSAL;010 MCSD;NÃO
Dados Individuais;MCSD_MONTANTE_COMPENSADO_DEVOLVIDO;DEVOLUCAO_MENSAL;010 MCSD;NÃO
Dados Individuais;MCSD_MONTANTE_RECEBIDO_LEILAO;MES_REFERENCIA;010 MCSD;NÃO
Dados Individuais;MCSD_MONTANTE_RECEBIDO_LEILAO;PROCESSAMENTO;010 MCSD;NÃO
Dados Individuais;MCSD_MONTANTE_RECEBIDO_LEILAO;SIGLA_AGENTE_CESSIONARIO;010 MCSD;NÃO
Dados Individuais;MCSD_MONTANTE_RECEBIDO_LEILAO;LEILAO;010 MCSD;NÃO
Dados Individuais;MCSD_MONTANTE_RECEBIDO_LEILAO;PRODUTO;010 MCSD;NÃO
Dados Individuais;MCSD_MONTANTE_RECEBIDO_LEILAO;RECEBIMENTO_MENSAL;010 MCSD;NÃO
Dados Individuais;MCSD_MONTANTE_REDUZIDO;MES_REFERENCIA;010 MCSD;NÃO
Dados Individuais;MCSD_MONTANTE_REDUZIDO;PROCESSAMENTO;010 MCSD;NÃO
Dados Individuais;MCSD_MONTANTE_REDUZIDO;SIGLA_AGENTE_CEDENTE;010 MCSD;NÃO
Dados Individuais;MCSD_MONTANTE_REDUZIDO;LEILAO;010 MCSD;NÃO
Dados Individuais;MCSD_MONTANTE_REDUZIDO;PRODUTO;010 MCSD;NÃO
Dados Individuais;MCSD_MONTANTE_REDUZIDO;MONTANTE_REDUZIDO;010 MCSD;NÃO
Dados Gerais;MCSD_RESULTADO_MENSAL;MES_REFERENCIA;017 MCSD;NÃO
Dados Gerais;MCSD_RESULTADO_MENSAL;QUANTIDADE_TOTAL_SOBRA_SAIDA_CL_CE;017 MCSD;NÃO
Dados Gerais;MCSD_RESULTADO_MENSAL;QUANTIDADE_TOTAL_SOBRA_ACRES_ENERGIA_MAR_2004;017 MCSD;NÃO
Dados Gerais;MCSD_RESULTADO_MENSAL;QUANTIDADE_TOTAL_SOBRA_DESVIO_MERCADO;017 MCSD;NÃO
Dados Gerais;MCSD_RESULTADO_MENSAL;QUANTIDADE_TOTAL_DEFICIT;017 MCSD;NÃO
Dados Gerais;MCSD_RESULTADO_MENSAL;COMPENSACAO_MENSAL_TOTAL;017 MCSD;NÃO
Dados Gerais;MCSD_RESULTADO_MENSAL;DEVOLUCAO_MENSAL;017 MCSD;NÃO
Dados Gerais;MONTANTE_MENSAL_MCP_AGENTE;MES_REFERENCIA;004 Contabilização;NÃO
Dados Gerais;MONTANTE_MENSAL_MCP_AGENTE;CODIGO_AGENTE;004 Contabilização;NÃO
Dados Gerais;MONTANTE_MENSAL_MCP_AGENTE;SIGLA_AGENTE;004 Contabilização;NÃO
Dados Gerais;MONTANTE_MENSAL_MCP_AGENTE;VALOR_LIQUIDAR;004 Contabilização;NÃO
Dados Individuais;MRE_GF_MODULADA_USINA;MES_REFERENCIA;006 MRE;NÃO
Dados Individuais;MRE_GF_MODULADA_USINA;COD_PERF_AGENTE;006 MRE;NÃO
Dados Individuais;MRE_GF_MODULADA_USINA;SIGLA_PERFIL_AGENTE;006 MRE;NÃO
Dados Individuais;MRE_GF_MODULADA_USINA;NOME_EMPRESARIAL;006 MRE;NÃO
Dados Individuais;MRE_GF_MODULADA_USINA;COD_PARCELA_USINA;006 MRE;NÃO
Dados Individuais;MRE_GF_MODULADA_USINA;GF_MODULADA_FATOR_DISPONIBILIDADE;006 MRE;NÃO
Dados Individuais;MRE_GF_MODULADA_USINA;GF_MODULADA_AJUSTADA_MRE;006 MRE;NÃO
Dados Gerais;MRE_HORARIO;ES_REFERENCIA;002 MRE;NÃO
Dados Gerais;MRE_HORARIO;PERIODO_COMERCIALIZACAO;002 MRE;NÃO
Dados Gerais;MRE_HORARIO;ENERGIA_SECUNDARIA;002 MRE;NÃO
Dados Gerais;MRE_HORARIO;TOTAL_PAGAMENTO_MRE;002 MRE;NÃO
Dados Gerais;MRE_HORARIO;ENTREGA_MRE;002 MRE;NÃO
Dados Gerais;MRE_HORARIO;RECEBIDA_MRE;002 MRE;NÃO
Dados Gerais;MRE_HORARIO;PAGAMENTO_MRE;002 MRE;NÃO
Dados Gerais;MRE_HORARIO;RECEBIMENTO_MRE;002 MRE;NÃO
Dados Gerais;MRE_HORARIO;ENTREGA_MRE_ITAIPU;002 MRE;NÃO
Dados Gerais;MRE_HORARIO;RECEBIDA_MRE_ITAIPU;002 MRE;NÃO
Dados Gerais;MRE_HORARIO;PAGAMENTO_MRE_ITAIPU;002 MRE;NÃO
Dados Gerais;MRE_HORARIO;RECEBIMENTO_MRE_ITAIPU;002 MRE;NÃO
Dados Gerais;MRE_MENSAL;MES_REFERENCIA;002 MRE;NÃO
Dados Gerais;MRE_MENSAL;GARANTIA_FISICA_SAZONALIZADA_MRE;002 MRE;NÃO
Dados Gerais;MRE_MENSAL;FATOR_PERDA_INTERNA;002 MRE;NÃO
Dados Gerais;MRE_MENSAL;FATOR_PERDA_REDE_BASICA;002 MRE;NÃO
Dados Gerais;MRE_MENSAL;FATOR_DISPONIBILIDADE;002 MRE;NÃO
Dados Gerais;MRE_MENSAL;FATOR_REDUCAO_ACUMULADO;002 MRE;NÃO
Dados Gerais;MRE_MENSAL;GARANTIA_FISICA_MODULADA_FDISP;002 MRE;NÃO
Dados Gerais;MRE_MENSAL;GARANTIA_FISICA_REDE_BASICA;002 MRE;NÃO
Dados Gerais;MRE_MENSAL;ENTREGA_MRE;002 MRE;NÃO
Dados Gerais;MRE_MENSAL;CUSTO_MRE;002 MRE;NÃO
Dados Gerais;MRE_MENSAL;VALOR_ALOCADO_MRE;002 MRE;NÃO
Dados Individuais;PARCELA_CARGA_CONSUMO;MES_REFERENCIA;003 Consumo;NÃO
Dados Individuais;PARCELA_CARGA_CONSUMO;COD_PERF_AGENTE;003 Consumo;NÃO
Dados Individuais;PARCELA_CARGA_CONSUMO;SIGLA_PERFIL_AGENTE;003 Consumo;NÃO
Dados Individuais;PARCELA_CARGA_CONSUMO;NOME_EMPRESARIAL;003 Consumo;NÃO
Dados Individuais;PARCELA_CARGA_CONSUMO;COD_PARCELA_CARGA;003 Consumo;NÃO
Dados Individuais;PARCELA_CARGA_CONSUMO;SIGLA_PARCELA_CARGA;003 Consumo;NÃO
Dados Individuais;PARCELA_CARGA_CONSUMO;CNPJ_CARGA;003 Consumo;NÃO
Dados Individuais;PARCELA_CARGA_CONSUMO;CIDADE;003 Consumo;NÃO
Dados Individuais;PARCELA_CARGA_CONSUMO;ESTADO_UF;003 Consumo;NÃO
Dados Individuais;PARCELA_CARGA_CONSUMO;RAMO_ATIVIDADE;003 Consumo;NÃO
Dados Individuais;PARCELA_CARGA_CONSUMO;SUBMERCADO;003 Consumo;NÃO
Dados Individuais;PARCELA_CARGA_CONSUMO;DATA_MIGRACAO;003 Consumo;NÃO
Dados Individuais;PARCELA_CARGA_CONSUMO;COD_PERF_AGENTE_CONECTADO;003 Consumo;NÃO
Dados Individuais;PARCELA_CARGA_CONSUMO;SIGLA_PERFIL_AGENTE_CONECTADO;003 Consumo;NÃO
Dados Individuais;PARCELA_CARGA_CONSUMO;CAPACIDADE_CARGA;003 Consumo;NÃO
Dados Individuais;PARCELA_CARGA_CONSUMO;CONSUMO_ACL;003 Consumo;NÃO
Dados Individuais;PARCELA_CARGA_CONSUMO;CONSUMO_CATIVO_PARC_LIVRE;003 Consumo;NÃO
Dados Individuais;PARCELA_CARGA_CONSUMO;CONSUMO_TOTAL;003 Consumo;NÃO
Dados Individuais;PARCELA_CONSUMO_RAMO_ATIVIDADE;COD_PARCELA_CARGA;Ramo_Atividade_CNAE;NÃO
Dados Individuais;PARCELA_CONSUMO_RAMO_ATIVIDADE;RAMO_ATIVIDADE;Ramo_Atividade_CNAE;NÃO
Dados Individuais;PARCELA_CONSUMO_RAMO_ATIVIDADE;CNAE;Ramo_Atividade_CNAE;NÃO
Dados Individuais;PARCELA_USINA_MONTANTE_MENSAL;MES_REFERENCIA;002 Usinas;NÃO
Dados Individuais;PARCELA_USINA_MONTANTE_MENSAL;COD_ATIVO;002 Usinas;NÃO
Dados Individuais;PARCELA_USINA_MONTANTE_MENSAL;SIGLA_ATIVO;002 Usinas;NÃO
Dados Individuais;PARCELA_USINA_MONTANTE_MENSAL;CEG;002 Usinas;NÃO
Dados Individuais;PARCELA_USINA_MONTANTE_MENSAL;COD_PARCELA_USINA;002 Usinas;NÃO
Dados Individuais;PARCELA_USINA_MONTANTE_MENSAL;SIGLA_PARCELA_USINA;002 Usinas;NÃO
Dados Individuais;PARCELA_USINA_MONTANTE_MENSAL;COD_PERF_AGENTE;002 Usinas;NÃO
Dados Individuais;PARCELA_USINA_MONTANTE_MENSAL;SIGLA_PERFIL;002 Usinas;NÃO
Dados Individuais;PARCELA_USINA_MONTANTE_MENSAL;NOME_EMPRESARIAL;002 Usinas;NÃO
Dados Individuais;PARCELA_USINA_MONTANTE_MENSAL;TIPO_DESPACHO;002 Usinas;NÃO
Dados Individuais;PARCELA_USINA_MONTANTE_MENSAL;PARTICIPA_RATEIO_PERDAS;002 Usinas;NÃO
Dados Individuais;PARCELA_USINA_MONTANTE_MENSAL;FONTE_ENERGIA_PRIMARIA;002 Usinas;NÃO
Dados Individuais;PARCELA_USINA_MONTANTE_MENSAL;COMBUSTIVEL;002 Usinas;NÃO
Dados Individuais;PARCELA_USINA_MONTANTE_MENSAL;SUBMERCADO;002 Usinas;NÃO
Dados Individuais;PARCELA_USINA_MONTANTE_MENSAL;ESTADO_UF;002 Usinas;NÃO
Dados Individuais;PARCELA_USINA_MONTANTE_MENSAL;CARACTERISTICA_PARCELA;002 Usinas;NÃO
Dados Individuais;PARCELA_USINA_MONTANTE_MENSAL;PARTICIPANTE_MRE;002 Usinas;NÃO
Dados Individuais;PARCELA_USINA_MONTANTE_MENSAL;PARTICIPANTE_REGIME_COTAS;002 Usinas;NÃO
Dados Individuais;PARCELA_USINA_MONTANTE_MENSAL;DATA_INICIO_OP_COM;002 Usinas;NÃO
Dados Individuais;PARCELA_USINA_MONTANTE_MENSAL;PERCENTUAL_DESCONTO_USINA;002 Usinas;NÃO
Dados Individuais;PARCELA_USINA_MONTANTE_MENSAL;CAP_T;002 Usinas;NÃO
Dados Individuais;PARCELA_USINA_MONTANTE_MENSAL;GARANTIA_FISICA;002 Usinas;NÃO
Dados Individuais;PARCELA_USINA_MONTANTE_MENSAL;FATOR_OPERACAO_COMERCIAL;002 Usinas;NÃO
Dados Individuais;PARCELA_USINA_MONTANTE_MENSAL;FATOR_ABATIMENTO_PERDAS;002 Usinas;NÃO
Dados Individuais;PARCELA_USINA_MONTANTE_MENSAL;GERACAO_CENTRO_GRAVIDADE;002 Usinas;NÃO
Dados Individuais;PARCELA_USINA_MONTANTE_MENSAL;GERACAO_TESTE;002 Usinas;NÃO
Dados Individuais;PARCELA_USINA_MONTANTE_MENSAL;GF_CENTRO_GRAVIDADE;002 Usinas;NÃO
Dados Individuais;PARCELA_USINA_MONTANTE_MENSAL;GERACAO_SEG_ENEG;002 Usinas;NÃO
Dados Individuais;PARCELA_USINA_MONTANTE_MENSAL;GERACAO_REST_OPERACAO;002 Usinas;NÃO
Dados Individuais;PARCELA_USINA_MONTANTE_MENSAL;GERACAO_RES_OPERATIVA;002 Usinas;NÃO
Dados Individuais;PARCELA_USINA_MONTANTE_MENSAL;GERACAO_UNIT_COMMITMENT;002 Usinas;NÃO
Dados Gerais;PCH_ACL;MES_REFERENCIA;021 PCHs;NÃO
Dados Gerais;PCH_ACL;GERACAO_PCH;021 PCHs;NÃO
Dados Gerais;PCH_ACL;CAPACIDADE_INSTALADA_PCH;021 PCHs;NÃO
Dados Gerais;PCH_CGH_GF_DEFINIDA;MES_REFERENCIA;021 PCHs;NÃO
Dados Gerais;PCH_CGH_GF_DEFINIDA;GERACAO_PCH_CGH;021 PCHs;NÃO
Dados Gerais;PCH_CGH_GF_DEFINIDA;CAPACIDADE_INSTALADA_PCH_CGH;021 PCHs;NÃO
Dados Gerais;PCH_CGH_GF_DEFINIDA;GARANTIA_FISICA_PCH_CGH;021 PCHs;NÃO
Dados Gerais;PCH_CGH_GF_DEFINIDA;QUANTIDADE_UG_OP;021 PCHs;NÃO
Dados Gerais;PCH_PROINFA;MES_REFERENCIA;021 PCHs;NÃO
Dados Gerais;PCH_PROINFA;GERACAO_PCH;021 PCHs;NÃO
Dados Gerais;PCH_PROINFA;CAPACIDADE_INSTALADA_PCH;021 PCHs;NÃO
Dados Gerais;PENALIDADE_CLASSE_MENSAL;MES_REFERENCIA;010 Penalidades;NÃO
Dados Gerais;PENALIDADE_CLASSE_MENSAL;CLASSE_AGENTE;010 Penalidades;NÃO
Dados Gerais;PENALIDADE_CLASSE_MENSAL;TOTAL_PENALIDADE_INSUF_ENER;010 Penalidades;NÃO
Dados Gerais;PENALIDADE_CLASSE_MENSAL;MONTANTE_FINANCEIRO_ENERGIA_FALTA_CMB;010 Penalidades;NÃO
Dados Gerais;PENALIDADE_CLASSE_MENSAL;MONTANTE_FINANCEIRO_PENALIDADE_MED;010 Penalidades;NÃO
Dados Gerais;PENALIDADE_CLASSE_MENSAL;MONTANTE_FINANCEIRO_N_APORTE_GFIN;010 Penalidades;NÃO
Dados Gerais;PENALIDADE_CLASSE_MENSAL;MONTANTE_FINANCEIRO_MULTA_INAD_MCP;010 Penalidades;NÃO
Dados Gerais;PENALIDADE_CLASSE_MENSAL;TOTAL_PENALIDADE_ABATE_ESS;010 Penalidades;NÃO
Dados Gerais;PENALIDADE_CONSUMO_HORARIO;MES_REFERENCIA;010 Penalidades;NÃO
Dados Gerais;PENALIDADE_CONSUMO_HORARIO;SUBMERCADO;010 Penalidades;NÃO
Dados Gerais;PENALIDADE_CONSUMO_HORARIO;PERIODO_COMERCIALIZACAO;010 Penalidades;NÃO
Dados Gerais;PENALIDADE_CONSUMO_HORARIO;CONSUMO_PENALIDADE;010 Penalidades;NÃO
Dados Gerais;PENALIDADE_PRECO_MENSAL;MES_REFERENCIA;010 Penalidades;NÃO
Dados Gerais;PENALIDADE_PRECO_MENSAL;PRECO_REF_INSUF_ESP;010 Penalidades;NÃO
Dados Gerais;PENALIDADE_PRECO_MENSAL;PRECO_REF_INSUF_NESP;010 Penalidades;NÃO
Dados Gerais;PENALIDADE_PRECO_MENSAL;PRECO_REF_PENAL_DISTRIB;010 Penalidades;NÃO
Dados Gerais;PENALIDADE_PRECO_MENSAL;PRECO_MED_LIQ_DIF;010 Penalidades;NÃO
Dados Gerais;PENALIDADE_PRECO_MENSAL;VALOR_REFERENCIA;010 Penalidades;NÃO
Dados Gerais;PERDA_RB_HORARIO;MES_REFERENCIA;004 Perdas;NÃO
Dados Gerais;PERDA_RB_HORARIO;PERIODO_COMERCIALIZACAO;004 Perdas;NÃO
Dados Gerais;PERDA_RB_HORARIO;TOTAL_GERACAO_BRUTA;004 Perdas;NÃO
Dados Gerais;PERDA_RB_HORARIO;TOTAL_CONSUMO_BRUTO;004 Perdas;NÃO
Dados Gerais;PERDA_RB_HORARIO;TOTAL_PERDA;004 Perdas;NÃO
Dados Gerais;PERDA_RB_HORARIO;GERACAO_TOTAL_RATEIO_PERDA;004 Perdas;NÃO
Dados Gerais;PERDA_RB_HORARIO;CONSUMO_TOTAL_RATEIO_PERDA;004 Perdas;NÃO
Dados Gerais;PERDA_RB_MES;MES_REFERENCIA;004 Perdas;NÃO
Dados Gerais;PERDA_RB_MES;TOTAL_GERACAO_BRUTA;004 Perdas;NÃO
Dados Gerais;PERDA_RB_MES;TOTAL_CONSUMO_BRUTO;004 Perdas;NÃO
Dados Gerais;PERDA_RB_MES;TOTAL_PERDA;004 Perdas;NÃO
Dados Gerais;PERDA_RB_MES;GERACAO_CONSUMO_CENTRO_GRAVIDADE;004 Perdas;NÃO
Dados Gerais;PERDA_RB_MES;GERACAO_TOTAL_RATEIO_PERDA;004 Perdas;NÃO
Dados Gerais;PERDA_RB_MES;CONSUMO_TOTAL_RATEIO_PERDA;004 Perdas;NÃO
Dados Gerais;PERDA_RB_MES;FATOR_PERDA_GERACAO;004 Perdas;NÃO
Dados Gerais;PERDA_RB_MES;FATOR_PERDA_CONSUMO;004 Perdas;NÃO
Dados Gerais;PLD_HORARIO_SUBMERCADO;MES_REFERENCIA;011 PLD;NÃO
Dados Gerais;PLD_HORARIO_SUBMERCADO;SUBMERCADO;011 PLD;NÃO
Dados Gerais;PLD_HORARIO_SUBMERCADO;PERIODO_COMERCIALIZACAO;011 PLD;NÃO
Dados Gerais;PLD_HORARIO_SUBMERCADO;PLD;011 PLD;NÃO
Dados Gerais;PROINFA_EOL;MES_REFERENCIA;019 Eólicas;NÃO
Dados Gerais;PROINFA_EOL;GERACAO_PROINFA_EOL;019 Eólicas;NÃO
Dados Gerais;PROINFA_EOL;CAPACIDADE_INSTALADA_PROINFA_EOL;019 Eólicas;NÃO
Dados Individuais;PROINFA_USINA;MES_REFERENCIA;009 Proinfa;NÃO
Dados Individuais;PROINFA_USINA;COD_PERF_AGENTE;009 Proinfa;NÃO
Dados Individuais;PROINFA_USINA;SIGLA_PERFIL_AGENTE;009 Proinfa;NÃO
Dados Individuais;PROINFA_USINA;COD_USINA;009 Proinfa;NÃO
Dados Individuais;PROINFA_USINA;NOME_USINA;009 Proinfa;NÃO
Dados Individuais;PROINFA_USINA;COD_PARCELA_USINA;009 Proinfa;NÃO
Dados Individuais;PROINFA_USINA;SIGLA_PARCELA_USINA;009 Proinfa;NÃO
Dados Individuais;PROINFA_USINA;FONTE_ENERGIA_PRIMARIA;009 Proinfa;NÃO
Dados Individuais;PROINFA_USINA;GERACAO_CONFORME_RES_1833_14;009 Proinfa;NÃO
Dados Individuais;PROINFA_USINA;FLUXO_ENERGIA_MRE;009 Proinfa;NÃO
Dados Gerais;QTD_HORA_MES;MES_REFERENCIA;Demais Dados;NÃO
Dados Gerais;QTD_HORA_MES;QTD_HORA;Demais Dados;NÃO
Resposta da Demanda;RD_ATEND_PROD_CONTAB_HORARIO;MES_REFERENCIA;#N/D;NÃO
Resposta da Demanda;RD_ATEND_PROD_CONTAB_HORARIO;CODIGO_PERFIL_AGENTE;#N/D;NÃO
Resposta da Demanda;RD_ATEND_PROD_CONTAB_HORARIO;PERFIL_AGENTE;#N/D;NÃO
Resposta da Demanda;RD_ATEND_PROD_CONTAB_HORARIO;CNPJ_AGENTE;#N/D;NÃO
Resposta da Demanda;RD_ATEND_PROD_CONTAB_HORARIO;CATEGORIA;#N/D;NÃO
Resposta da Demanda;RD_ATEND_PROD_CONTAB_HORARIO;CLASSE;#N/D;NÃO
Resposta da Demanda;RD_ATEND_PROD_CONTAB_HORARIO;PRODUTO;#N/D;NÃO
Resposta da Demanda;RD_ATEND_PROD_CONTAB_HORARIO;OFERTA;#N/D;NÃO
Resposta da Demanda;RD_ATEND_PROD_CONTAB_HORARIO;SUBMERCADO;#N/D;NÃO
Resposta da Demanda;RD_ATEND_PROD_CONTAB_HORARIO;PERIODO_COMERCIALIZACAO;#N/D;NÃO
Resposta da Demanda;RD_ATEND_PROD_CONTAB_HORARIO;MONTANTE_PRELIMINAR_RD;#N/D;NÃO
Resposta da Demanda;RD_ATEND_PROD_CONTAB_HORARIO;SINALIZADOR_HORARIO_ATEND_PROD;#N/D;NÃO
Resposta da Demanda;RD_ATEND_PROD_CONTAB_MENSAL;MES_REFERENCIA;#N/D;NÃO
Resposta da Demanda;RD_ATEND_PROD_CONTAB_MENSAL;CODIGO_AGENTE;#N/D;NÃO
Resposta da Demanda;RD_ATEND_PROD_CONTAB_MENSAL;AGENTE;#N/D;NÃO
Resposta da Demanda;RD_ATEND_PROD_CONTAB_MENSAL;CNPJ_AGENTE;#N/D;NÃO
Resposta da Demanda;RD_ATEND_PROD_CONTAB_MENSAL;CATEGORIA;#N/D;NÃO
Resposta da Demanda;RD_ATEND_PROD_CONTAB_MENSAL;CLASSE;#N/D;NÃO
Resposta da Demanda;RD_ATEND_PROD_CONTAB_MENSAL;SINALIZADOR_CANCELAMENTO_OFERTA_RD;#N/D;NÃO
Resposta da Demanda;RD_ATEND_PROD_CONTAB_MENSAL;SINALIZADOR_NAO_ATENDIMENTO_PRODUTO;#N/D;NÃO
Resposta da Demanda;RD_ATEND_PROD_PREVIO_HORARIO;MES_REFERENCIA;#N/D;NÃO
Resposta da Demanda;RD_ATEND_PROD_PREVIO_HORARIO;CODIGO_PERFIL_AGENTE;#N/D;NÃO
Resposta da Demanda;RD_ATEND_PROD_PREVIO_HORARIO;PERFIL_AGENTE;#N/D;NÃO
Resposta da Demanda;RD_ATEND_PROD_PREVIO_HORARIO;CNPJ_AGENTE;#N/D;NÃO
Resposta da Demanda;RD_ATEND_PROD_PREVIO_HORARIO;CATEGORIA;#N/D;NÃO
Resposta da Demanda;RD_ATEND_PROD_PREVIO_HORARIO;CLASSE;#N/D;NÃO
Resposta da Demanda;RD_ATEND_PROD_PREVIO_HORARIO;PRODUTO;#N/D;NÃO
Resposta da Demanda;RD_ATEND_PROD_PREVIO_HORARIO;OFERTA;#N/D;NÃO
Resposta da Demanda;RD_ATEND_PROD_PREVIO_HORARIO;SUBMERCADO;#N/D;NÃO
Resposta da Demanda;RD_ATEND_PROD_PREVIO_HORARIO;PERIODO_COMERCIALIZACAO;#N/D;NÃO
Resposta da Demanda;RD_ATEND_PROD_PREVIO_HORARIO;MONTANTE_PRELIMINAR_RD;#N/D;NÃO
Resposta da Demanda;RD_ATEND_PROD_PREVIO_HORARIO;SINALIZADOR_HORARIO_ATEND_PROD;#N/D;NÃO
Resposta da Demanda;RD_ATEND_PROD_PREVIO_MENSAL;MES_REFERENCIA;#N/D;NÃO
Resposta da Demanda;RD_ATEND_PROD_PREVIO_MENSAL;CODIGO_AGENTE;#N/D;NÃO
Resposta da Demanda;RD_ATEND_PROD_PREVIO_MENSAL;AGENTE;#N/D;NÃO
Resposta da Demanda;RD_ATEND_PROD_PREVIO_MENSAL;CNPJ_AGENTE;#N/D;NÃO
Resposta da Demanda;RD_ATEND_PROD_PREVIO_MENSAL;CATEGORIA;#N/D;NÃO
Resposta da Demanda;RD_ATEND_PROD_PREVIO_MENSAL;CLASSE;#N/D;NÃO
Resposta da Demanda;RD_ATEND_PROD_PREVIO_MENSAL;SINALIZADOR_CANCELAMENTO_OFERTA_RD;#N/D;NÃO
Resposta da Demanda;RD_ATEND_PROD_PREVIO_MENSAL;SINALIZADOR_NAO_ATENDIMENTO_PRODUTO;#N/D;NÃO
Resposta da Demanda;RD_ENCARGOS_CONTAB_HORARIO;MES_REFERENCIA;#N/D;NÃO
Resposta da Demanda;RD_ENCARGOS_CONTAB_HORARIO;SUBMERCADO;#N/D;NÃO
Resposta da Demanda;RD_ENCARGOS_CONTAB_HORARIO;DATA;#N/D;NÃO
Resposta da Demanda;RD_ENCARGOS_CONTAB_HORARIO;PERIODO_COMERCIALIZACAO;#N/D;NÃO
Resposta da Demanda;RD_ENCARGOS_CONTAB_HORARIO;VALOR_ENCARGO_RD;#N/D;NÃO
Resposta da Demanda;RD_ENCARGOS_CONTAB_MENSAL;MES_REFERENCIA;#N/D;NÃO
Resposta da Demanda;RD_ENCARGOS_CONTAB_MENSAL;SUBMERCADO;#N/D;NÃO
Resposta da Demanda;RD_ENCARGOS_CONTAB_MENSAL;RECEBIMENTO_ENCARGO_RD;#N/D;NÃO
Resposta da Demanda;RD_ENCARGOS_PREVIA_HORARIO;MES_REFERENCIA;#N/D;NÃO
Resposta da Demanda;RD_ENCARGOS_PREVIA_HORARIO;SUBMERCADO;#N/D;NÃO
Resposta da Demanda;RD_ENCARGOS_PREVIA_HORARIO;DATA;#N/D;NÃO
Resposta da Demanda;RD_ENCARGOS_PREVIA_HORARIO;PERIODO_COMERCIALIZACAO;#N/D;NÃO
Resposta da Demanda;RD_ENCARGOS_PREVIA_HORARIO;VALOR_ENCARGO_RD;#N/D;NÃO
Resposta da Demanda;RD_ENCARGOS_PREVIA_MENSAL;MES_REFERENCIA;#N/D;NÃO
Resposta da Demanda;RD_ENCARGOS_PREVIA_MENSAL;SUBMERCADO;#N/D;NÃO
Resposta da Demanda;RD_ENCARGOS_PREVIA_MENSAL;RECEBIMENTO_ENCARGO_RD;#N/D;NÃO
Dados Individuais;RECEITA_VENDA_DISTRIBUIDOR_COTA_NUCLEAR;MES_REFERENCIA;008 Cotista;NÃO
Dados Individuais;RECEITA_VENDA_DISTRIBUIDOR_COTA_NUCLEAR;COD_AGENTE;008 Cotista;NÃO
Dados Individuais;RECEITA_VENDA_DISTRIBUIDOR_COTA_NUCLEAR;NOME_EMPRESARIAL;008 Cotista;NÃO
Dados Individuais;RECEITA_VENDA_DISTRIBUIDOR_COTA_NUCLEAR;COD_PERF_AGENTE;008 Cotista;NÃO
Dados Individuais;RECEITA_VENDA_DISTRIBUIDOR_COTA_NUCLEAR;SIGLA_PERFIL_AGENTE;008 Cotista;NÃO
Dados Individuais;RECEITA_VENDA_DISTRIBUIDOR_COTA_NUCLEAR;CNPJ;008 Cotista;NÃO
Dados Individuais;RECEITA_VENDA_DISTRIBUIDOR_COTA_NUCLEAR;AJUSTES_CCEN;008 Cotista;NÃO
Dados Individuais;RECEITA_VENDA_DISTRIBUIDOR_COTA_NUCLEAR;FATOR_RATEIO_CCEN;008 Cotista;NÃO
Dados Individuais;RECEITA_VENDA_DISTRIBUIDOR_COTA_NUCLEAR;RECEITA_VENDA_CCEN;008 Cotista;NÃO
Dados Individuais;REPASSE_RISCO_HIDROLOGICO;MES_REFERENCIA;011 RRH;NÃO
Dados Individuais;REPASSE_RISCO_HIDROLOGICO;COD_AGENTE;011 RRH;NÃO
Dados Individuais;REPASSE_RISCO_HIDROLOGICO;NOME_EMPRESARIAL;011 RRH;NÃO
Dados Individuais;REPASSE_RISCO_HIDROLOGICO;COD_PERF_AGENTE;011 RRH;NÃO
Dados Individuais;REPASSE_RISCO_HIDROLOGICO;SIGLA_PERFIL_AGENTE;011 RRH;NÃO
Dados Individuais;REPASSE_RISCO_HIDROLOGICO;CNPJ;011 RRH;NÃO
Dados Individuais;REPASSE_RISCO_HIDROLOGICO;RESULTADO_FINAL_RRH;011 RRH;NÃO
Dados Individuais;REPASSE_RISCO_HIDROLOGICO;FATOR_RATEIO_RRH;011 RRH;NÃO
Dados Individuais;REPASSE_RISCO_HIDROLOGICO;RESULTADO_FINAL_ACR_RRH;011 RRH;NÃO
Dados Individuais;REPASSE_RISCO_HIDROLOGICO;EFEITO_RRH;011 RRH;NÃO
Dados Gerais;RESERVA_CESSAO_BIO;MES_REFERENCIA;023 Reserva;NÃO
Dados Gerais;RESERVA_CESSAO_BIO;CESSAO_ENERGIA_BIO;023 Reserva;NÃO
Dados Gerais;RESERVA_CESSAO_BIO;CESSAO_LASTRO_BIO;023 Reserva;NÃO
Dados Gerais;RESERVA_CESSAO_BIO;EFEITO_TOTAL_MCP_CEDENTE_BIO;023 Reserva;NÃO
Dados Gerais;RESERVA_CESSAO_BIO;EFEITO_TOTAL_MCP_CESSIONARIA_BIO;023 Reserva;NÃO
Dados Gerais;RESERVA_ENCARGO;MES_REFERENCIA;023 Reserva;NÃO
Dados Gerais;RESERVA_ENCARGO;ENCARGO_ENERGIA_RESERVA;023 Reserva;NÃO
Dados Gerais;RESERVA_ENCARGO;TOTAL_PAGAMENTO_LIQ_ER;023 Reserva;NÃO
Dados Gerais;RESERVA_ENCARGO;FUNDO_GARANTIA_OPER_CONTR_ER;023 Reserva;NÃO
Dados Gerais;RESERVA_ENCARGO;TOTAL_RECEITA_RETIDA_CONER;023 Reserva;NÃO
Dados Gerais;RESERVA_ENCARGO;CUSTO_ADIMN_FIN_TRIB_CCEE;023 Reserva;NÃO
Dados Gerais;RESERVA_ENCARGO;SALDO_EFETIVO_CONER;023 Reserva;NÃO
Dados Gerais;RESERVA_INADIMPLENCIA;MES_REFERENCIA;023 Reserva;NÃO
Dados Gerais;RESERVA_INADIMPLENCIA;INADIMPLENCIA;023 Reserva;NÃO
Dados Gerais;RESERVA_INADIMPLENCIA;MULTA;023 Reserva;NÃO
Dados Gerais;RESERVA_INADIMPLENCIA;JUROS;023 Reserva;NÃO
Dados Gerais;RESERVA_INADIMPLENCIA;CORRECAO_MONETARIA;023 Reserva;NÃO
Dados Gerais;RESERVA_PENALIDADE;MES_REFERENCIA;023 Reserva;NÃO
Dados Gerais;RESERVA_PENALIDADE;NIVEL_INSUFICIENCIA_LASTRO;023 Reserva;NÃO
Dados Gerais;RESERVA_PENALIDADE;AJUSTE_CER_PNL;023 Reserva;NÃO
Dados Gerais;RESERVA_PENALIDADE;ENERGIA_NAO_FORNECIDA_ANUAL;023 Reserva;NÃO
Dados Gerais;RESERVA_PENALIDADE;PENALIDADE_INSUFICIENCIA_LASTRO;023 Reserva;NÃO
Dados Gerais;RESERVA_RECEITA_BIO_PCH_LEILAO;MES_REFERENCIA;023 Reserva;NÃO
Dados Gerais;RESERVA_RECEITA_BIO_PCH_LEILAO;LEILAO;023 Reserva;NÃO
Dados Gerais;RESERVA_RECEITA_BIO_PCH_LEILAO;RECEITA_VENDA_EMPR_CER_BIO_PCH;023 Reserva;NÃO
Dados Gerais;RESERVA_RECEITA_BIO_PCH_LEILAO;RECEITA_VENDA_EMPR_BIO_PCH;023 Reserva;NÃO
Dados Gerais;RESERVA_RECEITA_BIO_PCH_LEILAO;RECEITA_FIXA_RETIDA_EMPR_BIO_PCH;023 Reserva;NÃO
Dados Gerais;RESERVA_RECEITA_BIO_PCH_LEILAO;RESSARCIMENTO_CER_BIO_PCH;023 Reserva;NÃO
Dados Gerais;RESERVA_RECEITA_BIO_PCH_LEILAO;EFEITO_MCP_CESSAO_CEDENTE_CER_BIO_PCH;023 Reserva;NÃO
Dados Gerais;RESERVA_RECEITA_BIO_PCH_LEILAO;EFEITO_MCP_CESSAO_CESSIONARIA_CER_BIO_PCH;023 Reserva;NÃO
Dados Gerais;RESERVA_RECEITA_BIO_PCH_LEILAO;AJUSTE_CER;023 Reserva;NÃO
Dados Gerais;RESERVA_RECEITA_BIO_PCH_LEILAO;RECEITA_LIQUIDA_CER;023 Reserva;NÃO
Dados Gerais;RESERVA_RECEITA_EOL_LEILAO;MES_REFERENCIA;023 Reserva;NÃO
Dados Gerais;RESERVA_RECEITA_EOL_LEILAO;LEILAO;023 Reserva;NÃO
Dados Gerais;RESERVA_RECEITA_EOL_LEILAO;RECEITA_VENDA_TOTAL_EOL;023 Reserva;NÃO
Dados Gerais;RESERVA_RECEITA_EOL_LEILAO;RECEITA_FIXA_RETIDA_EOL;023 Reserva;NÃO
Dados Gerais;RESERVA_RECEITA_EOL_LEILAO;RECEITA_VENDA_AUSTADA_EOL;023 Reserva;NÃO
Dados Gerais;RESERVA_RECEITA_EOL_LEILAO;AJUSTE_RECEITA_EOL;023 Reserva;NÃO
Dados Gerais;RESERVA_RECEITA_EOL_LEILAO;MULTA_MEDICAO_ANEMOMETRICA;023 Reserva;NÃO
Dados Gerais;RESERVA_RECEITA_EOL_LEILAO;AJUSTE_DELIBERACAO_CAD;023 Reserva;NÃO
Dados Gerais;RESERVA_RECEITA_EOL_LEILAO;RECEITA_TOTAL_RETIDA_LIQUIDA_EOL;023 Reserva;NÃO
Dados Gerais;RESERVA_RECEITA_EOL_LEILAO;MULTA_MEDICAO_ANEMOMETRICA_REMAN;023 Reserva;NÃO
Dados Gerais;RESERVA_RECEITA_EOL_LEILAO;RESSARCIMENTO_GERACAO_INFERIOR_LIMITE;023 Reserva;NÃO
Dados Gerais;RESERVA_RECEITA_EOL_LEILAO;RESSARCIMENTO_SALDO_NEGATIVO;023 Reserva;NÃO
Dados Gerais;RESERVA_RECEITA_EOL_LEILAO;VALOR_PAGO_RECEBIDO_EOL;023 Reserva;NÃO
Dados Gerais;RESERVA_RECEITA_EOL_LEILAO;RECEITA_VARIAVEL_ANTECIPACAO_EOL;023 Reserva;NÃO
Dados Gerais;RESERVA_RECEITA_EOL_LEILAO;RECEITA_VARIAVEL_ANUAL_EXCEDENTE_EOL;023 Reserva;NÃO
Dados Gerais;RESERVA_RECEITA_EOL_LEILAO;RECEITA_VARIAVEL_SALDO_ACUMULADO_EOL;023 Reserva;NÃO
Dados Gerais;RESERVA_RECEITA_LEILAO_PCH_CGH;MES_REFERENCIA;023 Reserva;NÃO
Dados Gerais;RESERVA_RECEITA_LEILAO_PCH_CGH;LEILAO;023 Reserva;NÃO
Dados Gerais;RESERVA_RECEITA_LEILAO_PCH_CGH;RECEITA_VENDA_TOTAL_PCH_CGH;023 Reserva;NÃO
Dados Gerais;RESERVA_RECEITA_LEILAO_SOL;MES_REFERENCIA;023 Reserva;NÃO
Dados Gerais;RESERVA_RECEITA_LEILAO_SOL;LEILAO;023 Reserva;NÃO
Dados Gerais;RESERVA_RECEITA_LEILAO_SOL;RECEITA_VENDA_TOTAL_SOL;023 Reserva;NÃO
Dados Gerais;RESERVA_SALDO_CONER;MES_REFERENCIA;023 Reserva;NÃO
Dados Gerais;RESERVA_SALDO_CONER;SALDO_ANTERIOR;023 Reserva;NÃO
Dados Gerais;RESERVA_SALDO_CONER;PAGAMENTO_GERADOR_DISTRIBUIDORA;023 Reserva;NÃO
Dados Gerais;RESERVA_SALDO_CONER;LIQUIDACAO_MCP;023 Reserva;NÃO
Dados Gerais;RESERVA_SALDO_CONER;PAGAMENTO_AO_GERADOR;023 Reserva;NÃO
Dados Gerais;RESERVA_SALDO_CONER;CUSTOS_ADMINISTRATIVOS_CAFT;023 Reserva;NÃO
Dados Gerais;RESERVA_SALDO_CONER;OUTROS;023 Reserva;NÃO
Dados Gerais;RESERVA_SALDO_CONER;EXCEDENTE_FINANCEIRO_MCP;023 Reserva;NÃO
Dados Gerais;RESERVA_SALDO_CONER;SALDO_CONER;023 Reserva;NÃO
Dados Individuais;RRH_AGENTE;MES_REFERENCIA;011 RRH;NÃO
Dados Individuais;RRH_AGENTE;COD_PERF_AGENTE;011 RRH;NÃO
Dados Individuais;RRH_AGENTE;SIGLA_PERFIL_AGENTE;011 RRH;NÃO
Dados Individuais;RRH_AGENTE;COD_PARCELA_USINA;011 RRH;NÃO
Dados Individuais;RRH_AGENTE;SIGLA_PARCELA_USINA;011 RRH;NÃO
Dados Individuais;RRH_AGENTE;GF_REPASSE_RRH_GFIS_2_RRH;011 RRH;NÃO
Dados Individuais;RRH_AGENTE;GF_REPASSE_RRH_GFIS_3_RRH;011 RRH;NÃO
Dados Individuais;RRH_AGENTE;RISCO_HIDROLOGICO_PARCELA_USINA;011 RRH;NÃO
Dados Individuais;RRH_AGENTE;ALOCACAO_SECUNDARIA_PROPRIO_SUBMERCADO_RRH;011 RRH;NÃO
Dados Individuais;RRH_AGENTE;DIREITO_ENERGIA_SECUNDARIA_RRH;011 RRH;NÃO
Dados Individuais;RRH_AGENTE;ALOCACAO_SECUNDARIA_OUTRO_SUBMERCADO_RRH;011 RRH;NÃO
Dados Individuais;RRH_AGENTE;ENERGIA_SECUNDARIA_RRH;011 RRH;NÃO
Dados Individuais;RRH_AGENTE;CONTRATOS_ACR_RRH;011 RRH;NÃO
Dados Individuais;RRH_AGENTE;GF_REPASSE_RRH;011 RRH;NÃO
Dados Individuais;RRH_AGENTE;REPASSE_RRH_ACR_PARCELA_USINA;011 RRH;NÃO
Dados Gerais;RRH_GERACAO_HORARIA;MES_REFERENCIA;024 RRH;NÃO
Dados Gerais;RRH_GERACAO_HORARIA;PERIODO_COMERCIALIZACAO;024 RRH;NÃO
Dados Gerais;RRH_GERACAO_HORARIA;GARANTIA_FISICA_RRH;024 RRH;NÃO
Dados Gerais;RRH_GERACAO_HORARIA;GERACAO_TOTAL_MRE;024 RRH;NÃO
Dados Gerais;RRH_GERACAO_HORARIA;AJUSTE_MRE_RRH;024 RRH;NÃO
Dados Gerais;RRH_GERACAO_HORARIA;ENERGIA_SECUNDARIA_RRH;024 RRH;NÃO
Dados Gerais;RRH_GERACAO_HORARIA;TOTAL_EXCEDENTE_ENERGIA_SEC_RRH_SUB;024 RRH;NÃO
Dados Gerais;RRH_GERACAO_SUBMERCADO_HORARIA;MES_REFERENCIA;024 RRH;NÃO
Dados Gerais;RRH_GERACAO_SUBMERCADO_HORARIA;PERIODO_COMERCIALIZACAO;024 RRH;NÃO
Dados Gerais;RRH_GERACAO_SUBMERCADO_HORARIA;SUBMERCADO;024 RRH;NÃO
Dados Gerais;RRH_GERACAO_SUBMERCADO_HORARIA;SOBRA_GERACAO_MRE_RRH;024 RRH;NÃO
Dados Gerais;RRH_GERACAO_SUBMERCADO_HORARIA;DEFICIT_GERACAO_MRE_RRH;024 RRH;NÃO
Dados Gerais;RRH_GERACAO_SUBMERCADO_HORARIA;CONTRIBUICAO_ENERGIA_SECUNDARIA_RRH;024 RRH;NÃO
Dados Gerais;RRH_GERACAO_SUBMERCADO_HORARIA;DIREITO_ENERGIA_SECUNDARIA_RRH;024 RRH;NÃO
Dados Gerais;RRH_GERACAO_SUBMERCADO_HORARIA;EXCEDENTE_ENERGIA_SECUNDARIA_RRH;024 RRH;NÃO
Dados Gerais;RRH_REPASSE;MES_REFERENCIA;018 RRV;NÃO
Dados Gerais;RRH_REPASSE;VALOR_REPASSE_RRH_ACR;018 RRV;NÃO
Dados Gerais;RRV_MENSAL;MES_REFERENCIA;018 RRV;NÃO
Dados Gerais;RRV_MENSAL;RECEITA_FIXA;018 RRV;NÃO
Dados Gerais;RRV_MENSAL;RECEITA_VARIAVEL;018 RRV;NÃO
Dados Gerais;RRV_MENSAL;RECEITA_ATRASO;018 RRV;NÃO
Dados Gerais;RRV_MENSAL;REAPURACAO_AJUSTE;018 RRV;NÃO
Dados Gerais;RRV_MENSAL;RECEITA_VENDA_TOTAL;018 RRV;NÃO
Dados Gerais - Preliminares;SAZONALIZACAO_CCGF;MES_REFERENCIA;014 CCGF;NÃO
Dados Gerais - Preliminares;SAZONALIZACAO_CCGF;QTD_SAZONALIZADA_CONTRATO;014 CCGF;NÃO
Dados Gerais - Preliminares;SAZONALIZACAO_CONTRATO_CCEARQ;MES_REFERENCIA;005 Contratos;NÃO
Dados Gerais - Preliminares;SAZONALIZACAO_CONTRATO_CCEARQ;SUBMERCADO;005 Contratos;NÃO
Dados Gerais - Preliminares;SAZONALIZACAO_CONTRATO_CCEARQ;MONTANTE_SAZONALIZADO;005 Contratos;NÃO
Dados Gerais - Preliminares;SAZONALIZACAO_MRE_GF_FATOR_AJUSTE;MES_REFERENCIA;002 MRE;NÃO
Dados Gerais - Preliminares;SAZONALIZACAO_MRE_GF_FATOR_AJUSTE;GARANTIA_FISICA_SAZONALIZADA;002 MRE;NÃO
Dados Gerais - Preliminares;SAZONALIZACAO_MRE_GF_FATOR_AJUSTE;FATOR_PERDAS_INTERNAS;002 MRE;NÃO
Dados Gerais - Preliminares;SAZONALIZACAO_MRE_GF_FATOR_AJUSTE;FATOR_PERDAS_REDE_BASICA;002 MRE;NÃO
Dados Gerais - Preliminares;SAZONALIZACAO_MRE_GF_FATOR_AJUSTE;FATOR_DISPONIBILIDADE;002 MRE;NÃO
Dados Gerais - Preliminares;SAZONALIZACAO_MRE_GF_FATOR_AJUSTE;FATOR_REDUCAO_ACUMULADO;002 MRE;NÃO
Dados Gerais - Preliminares;SAZONALIZACAO_MRE_GF_FATOR_AJUSTE;GARANTIA_FISICA_MODULADA_FATOR_DISP;002 MRE;NÃO
Dados Gerais - Preliminares;SAZONALIZACAO_MRE_GF_FATOR_AJUSTE;GARANTIA_FISICA_LASTRO_USINA_MRE;002 MRE;NÃO
Dados Gerais - Preliminares;SAZONALIZACAO_MRE_GF_FATOR_AJUSTE;GARANTIA_FISICA_LASTRO_USINA_FORA_MRE;002 MRE;NÃO
Dados Gerais - Preliminares;SAZONALIZACAO_MRE_GF_MOTORIZACAO_SUBMERCADO;MES_REFERENCIA;006 Garantia Física;NÃO
Dados Gerais - Preliminares;SAZONALIZACAO_MRE_GF_MOTORIZACAO_SUBMERCADO;SUBMERCADO;006 Garantia Física;NÃO
Dados Gerais - Preliminares;SAZONALIZACAO_MRE_GF_MOTORIZACAO_SUBMERCADO;GF_HIDROELETRICA_NAO_MOTORIZADAS;006 Garantia Física;NÃO
Dados Gerais - Preliminares;SAZONALIZACAO_MRE_GF_MOTORIZACAO_SUBMERCADO;GF_HIDROELETRICA_MOTORIZADAS;006 Garantia Física;NÃO
Dados Gerais - Preliminares;SAZONALIZACAO_MRE_GF_MOTORIZACAO_SUBMERCADO;GF_USINA_REGIME_COTAS;006 Garantia Física;NÃO
Dados Gerais;SUMARIO_BE_HORARIO_SUBMERCADO;MES_REFERENCIA;007 Sumário;NÃO
Dados Gerais;SUMARIO_BE_HORARIO_SUBMERCADO;PERIODO_COMERCIALIZACAO;007 Sumário;NÃO
Dados Gerais;SUMARIO_BE_HORARIO_SUBMERCADO;SUBMERCADO;007 Sumário;NÃO
Dados Gerais;SUMARIO_BE_HORARIO_SUBMERCADO;BE_POSITIVO;007 Sumário;NÃO
Dados Gerais;SUMARIO_BE_HORARIO_SUBMERCADO;BE_NEGATIVO;007 Sumário;NÃO
Dados Gerais;SUMARIO_BE_HORARIO_SUBMERCADO;RESULTADO_MCP;007 Sumário;NÃO
Dados Gerais;SUMARIO_DISTRIB_MENSAL;MES_REFERENCIA;012 InfoDistribuidoras;NÃO
Dados Gerais;SUMARIO_DISTRIB_MENSAL;RESULTADO_MCP_RECEBIMENTO;012 InfoDistribuidoras;NÃO
Dados Gerais;SUMARIO_DISTRIB_MENSAL;RESULTADO_MCP_PAGAMENTO;012 InfoDistribuidoras;NÃO
Dados Gerais;SUMARIO_DISTRIB_MENSAL;ENCARGOS_RECEBIMENTO_DIST;012 InfoDistribuidoras;NÃO
Dados Gerais;SUMARIO_DISTRIB_MENSAL;ENCARGOS_PAGAMENTO_DIST;012 InfoDistribuidoras;NÃO
Dados Gerais;SUMARIO_DISTRIB_MENSAL;EXPOSICAO_FINANCEIRA_RECEBIMENTO;012 InfoDistribuidoras;NÃO
Dados Gerais;SUMARIO_DISTRIB_MENSAL;EXPOSICAO_FINANCEIRA_PAGAMENTO;012 InfoDistribuidoras;NÃO
Dados Gerais;SUMARIO_DISTRIB_MENSAL;ALIVIO_RETROATIVO_RECEBIMENTO;012 InfoDistribuidoras;NÃO
Dados Gerais;SUMARIO_DISTRIB_MENSAL;ALIVIO_RETROATIVO_PAGAMENTO;012 InfoDistribuidoras;NÃO
Dados Gerais;SUMARIO_DISTRIB_MENSAL;EFEITO_CONTRATACAO_DISP_RECEBIMENTO;012 InfoDistribuidoras;NÃO
Dados Gerais;SUMARIO_DISTRIB_MENSAL;EFEITO_CONTRATACAO_DISP_PAGAMENTO;012 InfoDistribuidoras;NÃO
Dados Gerais;SUMARIO_DISTRIB_MENSAL;EFEITO_CONTRATACAO_CCGF_RECEBIMENTO;012 InfoDistribuidoras;NÃO
Dados Gerais;SUMARIO_DISTRIB_MENSAL;EFEITO_CONTRATACAO_CCGF_PAGAMENTO;012 InfoDistribuidoras;NÃO
Dados Gerais;SUMARIO_DISTRIB_MENSAL;EFEITO_CONTRATACAO_CCEN_RECEBIMENTO;012 InfoDistribuidoras;NÃO
Dados Gerais;SUMARIO_DISTRIB_MENSAL;EFEITO_CONTRATACAO_CCEN_PAGAMENTO;012 InfoDistribuidoras;NÃO
Dados Gerais;SUMARIO_DISTRIB_MENSAL;AJUSTE_RECONTAB_RECEBIMENTO;012 InfoDistribuidoras;NÃO
Dados Gerais;SUMARIO_DISTRIB_MENSAL;AJUSTE_RECONTAB_PAGAMENTO;012 InfoDistribuidoras;NÃO
Dados Gerais;SUMARIO_DISTRIB_MENSAL;AJUSTE_MCSD_XP_RECEBIMENTO;012 InfoDistribuidoras;NÃO
Dados Gerais;SUMARIO_DISTRIB_MENSAL;AJUSTE_MCSD_XP_PAGAMENTO;012 InfoDistribuidoras;NÃO
Dados Gerais;SUMARIO_DISTRIB_MENSAL;RESULTADO_EXCEDENTE_ER_RECEBIMENTO;012 InfoDistribuidoras;NÃO
Dados Gerais;SUMARIO_DISTRIB_MENSAL;EFEITO_CONTRATACAO_QTD_PAGAMENTO;012 InfoDistribuidoras;NÃO
Dados Gerais;SUMARIO_DISTRIB_MENSAL;EFEITO_CONTRATACAO_ITAIPU_RECEBIMENTO;012 InfoDistribuidoras;NÃO
Dados Gerais;SUMARIO_DISTRIB_MENSAL;EFEITO_CONTRATACAO_ITAIPU_PAGAMENTO;012 InfoDistribuidoras;NÃO
Dados Gerais;SUMARIO_DISTRIB_MENSAL;EFEITO_CUSTOS_DESC;012 InfoDistribuidoras;NÃO
Dados Gerais;SUMARIO_DISTRIB_MENSAL;EFEITO_CONTRATACAO_RRH_RECEBIMENTO;012 InfoDistribuidoras;NÃO
Dados Gerais;SUMARIO_DISTRIB_MENSAL;EFEITO_CONTRATACAO_RRH_PAGAMENTO;012 InfoDistribuidoras;NÃO
Dados Gerais;SUMARIO_DISTRIB_MENSAL;RESULTADO_FINAL_RECEBIMENTO;012 InfoDistribuidoras;NÃO
Dados Gerais;SUMARIO_DISTRIB_MENSAL;RESULTADO_FINAL_PAGAMENTO;012 InfoDistribuidoras;NÃO
Dados Gerais;SUMARIO_MENSAL_AJUSTE;MES_REFERENCIA;007 Sumário;NÃO
Dados Gerais;SUMARIO_MENSAL_AJUSTE;AJUSTE_INAD_DSS;007 Sumário;NÃO
Dados Gerais;SUMARIO_MENSAL_AJUSTE;AJUSTES;007 Sumário;NÃO
Dados Gerais;SUMARIO_MENSAL_COMPRA_VENDA_SUBMERCADO;MES_REFERENCIA;007 Sumário;NÃO
Dados Gerais;SUMARIO_MENSAL_COMPRA_VENDA_SUBMERCADO;SUBMERCADO;007 Sumário;NÃO
Dados Gerais;SUMARIO_MENSAL_COMPRA_VENDA_SUBMERCADO;BE_POSITIVO;007 Sumário;NÃO
Dados Gerais;SUMARIO_MENSAL_COMPRA_VENDA_SUBMERCADO;BE_NEGATIVO;007 Sumário;NÃO
Dados Gerais;SUMARIO_MENSAL_COMPRA_VENDA_SUBMERCADO;RESULTADO_MCP_VENDA;007 Sumário;NÃO
Dados Gerais;SUMARIO_MENSAL_COMPRA_VENDA_SUBMERCADO;RESULTADO_MCP_COMPRA;007 Sumário;NÃO
Dados Gerais;SUMARIO_MENSAL_LIQUIDACAO;MES_REFERENCIA;007 Sumário;NÃO
Dados Gerais;SUMARIO_MENSAL_LIQUIDACAO;VALOR_TOTAL_LIQ_PRE;007 Sumário;NÃO
Dados Gerais;SUMARIO_MENSAL_LIQUIDACAO;VALOR_TOTAL_LIQ_POS;007 Sumário;NÃO
Dados Gerais;SUMARIO_MENSAL_LIQUIDACAO;VALOR_INAD;007 Sumário;NÃO
Dados Gerais;SUMARIO_MENSAL_RESULTADO;MES_REFERENCIA;007 Sumário;NÃO
Dados Gerais;SUMARIO_MENSAL_RESULTADO;TOTAL_RESULTADO_MCP;007 Sumário;NÃO
Dados Gerais;SUMARIO_MENSAL_RESULTADO;COMPENSACAO_MRE;007 Sumário;NÃO
Dados Gerais;SUMARIO_MENSAL_RESULTADO;ENCARGOS;007 Sumário;NÃO
Dados Gerais;SUMARIO_MENSAL_RESULTADO;EXPOSICOES_FINANCEIRAS;007 Sumário;NÃO
Dados Gerais;SUMARIO_MENSAL_RESULTADO;ALIVIO_RETROATIVO;007 Sumário;NÃO
Dados Gerais;SUMARIO_MENSAL_RESULTADO;EFEITO_CONTRATACAO_DISP;007 Sumário;NÃO
Dados Gerais;SUMARIO_MENSAL_RESULTADO;EFEITO_CONTRATACAO_CCGF;007 Sumário;NÃO
Dados Gerais;SUMARIO_MENSAL_RESULTADO;EFEITO_CONTRATACAO_CCEN;007 Sumário;NÃO
Dados Gerais;SUMARIO_MENSAL_RESULTADO;EFEITO_CONTRATACAO_QTD;007 Sumário;NÃO
Dados Gerais;SUMARIO_MENSAL_RESULTADO;EFEITO_CONTRATACAO_ITAIPU;007 Sumário;NÃO
Dados Gerais;SUMARIO_MENSAL_RESULTADO;EFEITO_CONTRATACAO_RRH;007 Sumário;NÃO
Dados Gerais;SUMARIO_MENSAL_RESULTADO;EFEITO_CUSTOS_DESC;007 Sumário;NÃO
Dados Gerais;SUMARIO_MENSAL_RESULTADO;AJUSTE_RECONTAB;007 Sumário;NÃO
Dados Gerais;SUMARIO_MENSAL_RESULTADO;AJUSTE_MCSD_XP;007 Sumário;NÃO
Dados Gerais;SUMARIO_MENSAL_RESULTADO;RESULTADO_EXCEDENTE_ER;007 Sumário;NÃO
Dados Gerais;SUMARIO_MENSAL_RESULTADO;RESULTADO_FINAL;007 Sumário;NÃO
Dados Individuais;USINA_COTISTA_CEG_DISTRIBUIDOR;MES_REFERENCIA;008 Cotista;NÃO
Dados Individuais;USINA_COTISTA_CEG_DISTRIBUIDOR;COD_PERF_AGENTE;008 Cotista;NÃO
Dados Individuais;USINA_COTISTA_CEG_DISTRIBUIDOR;SIGLA_PERFIL_AGENTE;008 Cotista;NÃO
Dados Individuais;USINA_COTISTA_CEG_DISTRIBUIDOR;COD_PARCELA_USINA;008 Cotista;NÃO
Dados Individuais;USINA_COTISTA_CEG_DISTRIBUIDOR;SIGLA_PARCELA_USINA;008 Cotista;NÃO
Dados Individuais;USINA_COTISTA_CEG_DISTRIBUIDOR;AJUSTE_CCGF;008 Cotista;NÃO
Dados Individuais;USINA_COTISTA_CEG_DISTRIBUIDOR;FATOR_RATEIO_CCGF;008 Cotista;NÃO
Dados Individuais;USINA_COTISTA_CEG_DISTRIBUIDOR;RECEITA_VENDA;008 Cotista;NÃO
Dados Individuais;USINA_COTISTA_LIQUIDACAO_PARCELA;MES_REFERENCIA;008 Cotista;NÃO
Dados Individuais;USINA_COTISTA_LIQUIDACAO_PARCELA;COD_PARCELA_USINA;008 Cotista;NÃO
Dados Individuais;USINA_COTISTA_LIQUIDACAO_PARCELA;SIGLA_PARCELA_USINA;008 Cotista;NÃO
Dados Individuais;USINA_COTISTA_LIQUIDACAO_PARCELA;FATOR_ADEQUACAO_REAJUSTE;008 Cotista;NÃO
Dados Individuais;USINA_COTISTA_LIQUIDACAO_PARCELA;RECEITA_FIXA_PRELIMINAR;008 Cotista;NÃO
Dados Individuais;USINA_COTISTA_LIQUIDACAO_PARCELA;RECEITA_FIXA_AJUSTADA;008 Cotista;NÃO
Dados Individuais;USINA_COTISTA_LIQUIDACAO_PARCELA;RECEITA_FIXA_TOTAL;008 Cotista;NÃO
Dados Individuais;USINA_COTISTA_LIQUIDACAO_PARCELA;CUSTOS_ADMINISTRATIVOS;008 Cotista;NÃO
Dados Individuais;USINA_COTISTA_NUCLEAR;MES_REFERENCIA;008 Cotista;NÃO
Dados Individuais;USINA_COTISTA_NUCLEAR;COD_PERF_AGENTE;008 Cotista;NÃO
Dados Individuais;USINA_COTISTA_NUCLEAR;SIGLA_PERFIL_AGENTE;008 Cotista;NÃO
Dados Individuais;USINA_COTISTA_NUCLEAR;FATOR_REAJUSTE_CCEN;008 Cotista;NÃO
Dados Individuais;USINA_COTISTA_NUCLEAR;RECEITA_FIXA_PRELIMINAR;008 Cotista;NÃO
Dados Individuais;USINA_COTISTA_NUCLEAR;RECEITA_FIXA_AJUSTADA;008 Cotista;NÃO
Dados Individuais;USINA_COTISTA_NUCLEAR;RECEITA_VENDA;008 Cotista;NÃO
Dados Individuais;USINA_COTISTA_NUCLEAR;CUSTO_ADMINISTRATIVO;008 Cotista;NÃO
Dados Gerais;VAREJISTA_SUBCLASSE;MES_REFERENCIA;026 Varejista;NÃO
Dados Gerais;VAREJISTA_SUBCLASSE;SUBCLASSE;026 Varejista;NÃO
Dados Gerais;VAREJISTA_SUBCLASSE;CONSUMO;026 Varejista;NÃO
Dados Gerais;VAREJISTA_SUBCLASSE;GERACAO;026 Varejista;NÃO
Dados Gerais;VAREJISTA_SUBCLASSE;QUANTIDADE_PERFIL_AGENTE;026 Varejista;NÃO
Dados Gerais;VAREJISTA_SUBCLASSE;QUANTIDADE_ATIVO_VAREJISTA;026 Varejista;NÃO
Dados Gerais;VAREJISTA_SUBCLASSE;MONTANTE_CONTRATO_COMPRA;026 Varejista;NÃO
Dados Gerais;VAREJISTA_SUBCLASSE;MONTANTE_CONTRATO_VENDA;026 Varejista;NÃO
Dados Gerais;VAREJISTA_SUBCLASSE;RESULTADO_MCP;026 Varejista;NÃO
Dados Gerais;VAREJISTA_SUBCLASSE;RESULTADO_FINAL;026 Varejista;NÃO
